seed,model,subset,horizon,n,mae_px,mae_px_lo,mae_px_hi,rmse_px,r2
0,A_recon_task,all,1,500,0.3567392826080322,0.3280635178089142,0.3888089954853058,0.5062633156776428,0.984280526638031
0,A_recon_task,all,2,500,0.32719072699546814,0.30241501331329346,0.35639989376068115,0.4603177309036255,0.9886496663093567
0,A_recon_task,all,3,500,0.3802002966403961,0.3501938581466675,0.4108286499977112,0.5208251476287842,0.98704594373703
0,A_recon_task,all,4,500,0.4665277600288391,0.4327567219734192,0.49918824434280396,0.610503077507019,0.9835314154624939
0,A_recon_task,all,5,500,0.5596411228179932,0.5183272361755371,0.6021491885185242,0.7213081121444702,0.9781875610351562
0,A_recon_task,all,6,500,0.6718710064888,0.629246711730957,0.7184017300605774,0.8450502157211304,0.9712317585945129
0,A_recon_task,all,7,500,0.7804695963859558,0.7295950055122375,0.8294679522514343,0.9709224700927734,0.9628996849060059
0,A_recon_task,all,8,500,0.8680522441864014,0.8122406005859375,0.9230512976646423,1.0822166204452515,0.9536650776863098
0,A_recon_task,all,9,500,0.9656530022621155,0.9021732807159424,1.025543451309204,1.2100682258605957,0.9408305287361145
0,A_recon_task,all,10,500,1.0749421119689941,1.0081167221069336,1.1452760696411133,1.3354148864746094,0.9247639179229736
0,A_recon_task,no_bounce,1,208,0.3156309127807617,0.2843020260334015,0.347299724817276,0.39400485157966614,0.9708149433135986
0,A_recon_task,no_bounce,2,208,0.2867843508720398,0.25401541590690613,0.3173038959503174,0.370073527097702,0.9732309579849243
0,A_recon_task,no_bounce,3,208,0.3183749318122864,0.2794100046157837,0.35648882389068604,0.42405563592910767,0.9671722054481506
0,A_recon_task,no_bounce,4,208,0.39879152178764343,0.356056272983551,0.4442022144794464,0.5162628293037415,0.9586787819862366
0,A_recon_task,no_bounce,5,208,0.5124951601028442,0.46124717593193054,0.565743088722229,0.6408867835998535,0.9488123655319214
0,A_recon_task,no_bounce,6,208,0.6137350797653198,0.5493429899215698,0.6763313412666321,0.7707226276397705,0.9415317177772522
0,A_recon_task,no_bounce,7,208,0.6707359552383423,0.5960044264793396,0.7506155967712402,0.8695182204246521,0.9414734244346619
0,A_recon_task,no_bounce,8,208,0.7267404794692993,0.6481065154075623,0.8116679191589355,0.9492149949073792,0.9445227980613708
0,A_recon_task,no_bounce,9,208,0.8180673122406006,0.7316418290138245,0.9107217192649841,1.0423967838287354,0.9461877346038818
0,A_recon_task,no_bounce,10,208,0.9995551705360413,0.9048117399215698,1.0906480550765991,1.2347009181976318,0.9382117986679077
0,A_recon_task,bounce,1,292,0.3860219717025757,0.3463888466358185,0.43486183881759644,0.572968065738678,0.9863932132720947
0,A_recon_task,bounce,2,292,0.35597339272499084,0.32068225741386414,0.40195396542549133,0.5150464773178101,0.9906325340270996
0,A_recon_task,bounce,3,292,0.4242402911186218,0.380770206451416,0.4648702144622803,0.5799923539161682,0.9894720911979675
0,A_recon_task,bounce,4,292,0.5147783160209656,0.46880829334259033,0.5663079023361206,0.6695923209190369,0.9868738055229187
0,A_recon_task,bounce,5,292,0.5932245254516602,0.536920428276062,0.649511456489563,0.7735118865966797,0.982966959476471
0,A_recon_task,bounce,6,292,0.7132829427719116,0.6531916856765747,0.7850176095962524,0.8942360281944275,0.9773257374763489
0,A_recon_task,bounce,7,292,0.8586361408233643,0.7946189641952515,0.9246644973754883,1.0371265411376953,0.9686464667320251
0,A_recon_task,bounce,8,292,0.968712568283081,0.8950669169425964,1.0371745824813843,1.167755126953125,0.9570001363754272
0,A_recon_task,bounce,9,292,1.0707825422286987,0.9807716012001038,1.1605061292648315,1.316545844078064,0.9380776882171631
0,A_recon_task,bounce,10,292,1.1286423206329346,1.0316879749298096,1.230190634727478,1.4027533531188965,0.9144875407218933
0,B_task_only,all,1,500,0.5503435134887695,0.5064454674720764,0.5969335436820984,0.7468709945678711,0.9657881259918213
0,B_task_only,all,2,500,0.587380588054657,0.545042872428894,0.6331955790519714,0.7753379344940186,0.9677985310554504
0,B_task_only,all,3,500,0.6704925894737244,0.6223884224891663,0.7156273126602173,0.8508452773094177,0.9654280543327332
0,B_task_only,all,4,500,0.7349677681922913,0.686760663986206,0.784888505935669,0.9209892153739929,0.9625208973884583
0,B_task_only,all,5,500,0.8072624802589417,0.7573686838150024,0.8594315052032471,1.0040082931518555,0.9577391743659973
0,B_task_only,all,6,500,0.9070051312446594,0.8508323431015015,0.9690512418746948,1.113928198814392,0.9500123262405396
0,B_task_only,all,7,500,1.0057928562164307,0.9400101900100708,1.0685383081436157,1.2413768768310547,0.9393520355224609
0,B_task_only,all,8,500,1.1079331636428833,1.0440313816070557,1.1768553256988525,1.3677083253860474,0.9259939193725586
0,B_task_only,all,9,500,1.2241840362548828,1.1431437730789185,1.306811809539795,1.5120402574539185,0.9076143503189087
0,B_task_only,all,10,500,1.3592480421066284,1.2765833139419556,1.4401806592941284,1.6730908155441284,0.881904661655426
0,B_task_only,no_bounce,1,208,0.6574297547340393,0.5825831890106201,0.7309372425079346,0.8490360379219055,0.8644779324531555
0,B_task_only,no_bounce,2,208,0.6750615835189819,0.599412202835083,0.7462230920791626,0.8668403625488281,0.8531293869018555
0,B_task_only,no_bounce,3,208,0.7212188243865967,0.6482439637184143,0.798469603061676,0.9150944948196411,0.8471279144287109
0,B_task_only,no_bounce,4,208,0.7484328150749207,0.6629171967506409,0.8242729902267456,0.9581829309463501,0.8576595783233643
0,B_task_only,no_bounce,5,208,0.7642826437950134,0.6752121448516846,0.8468750715255737,1.0004464387893677,0.875264585018158
0,B_task_only,no_bounce,6,208,0.8013013005256653,0.7083196043968201,0.9016641974449158,1.0664563179016113,0.8880535960197449
0,B_task_only,no_bounce,7,208,0.8513348698616028,0.7469999194145203,0.9596492648124695,1.1465351581573486,0.8982415199279785
0,B_task_only,no_bounce,8,208,0.9211386442184448,0.8102695345878601,1.0358922481536865,1.2411680221557617,0.9051479697227478
0,B_task_only,no_bounce,9,208,1.0284175872802734,0.9104530215263367,1.1477477550506592,1.3472651243209839,0.9101079702377319
0,B_task_only,no_bounce,10,208,1.1928633451461792,1.0701496601104736,1.3175891637802124,1.5169397592544556,0.9067350029945374
0,B_task_only,bounce,1,292,0.47406288981437683,0.4229845702648163,0.5279911756515503,0.6645855903625488,0.9816938638687134
0,B_task_only,bounce,2,292,0.5249229669570923,0.4720870852470398,0.5804211497306824,0.7029310464859009,0.9825516939163208
0,B_task_only,bounce,3,292,0.6343588829040527,0.5804038643836975,0.6943660378456116,0.8019454479217529,0.9798725843429565
0,B_task_only,bounce,4,292,0.725376307964325,0.6644729375839233,0.7851943969726562,0.8935514092445374,0.9766247272491455
0,B_task_only,bounce,5,292,0.8378781676292419,0.7711109519004822,0.9002810716629028,1.006537914276123,0.971158504486084
0,B_task_only,bounce,6,292,0.9823010563850403,0.9135241508483887,1.0500158071517944,1.1465457677841187,0.9627254605293274
0,B_task_only,bounce,7,292,1.115817904472351,1.0411908626556396,1.1921064853668213,1.3047374486923218,0.9503785967826843
0,B_task_only,bounce,8,292,1.2409923076629639,1.1606171131134033,1.3264318704605103,1.4511325359344482,0.933598518371582
0,B_task_only,bounce,9,292,1.3636343479156494,1.2603026628494263,1.4600697755813599,1.6192200183868408,0.9063329100608826
0,B_task_only,bounce,10,292,1.4777685403823853,1.3610268831253052,1.5947765111923218,1.775968074798584,0.8629316687583923
0,baseline_constant,all,1,500,0.5929955244064331,0.5756234526634216,0.6102555394172668,0.6262861490249634,0.9759435653686523
0,baseline_constant,all,2,500,1.1605467796325684,1.1262922286987305,1.1960951089859009,1.2288477420806885,0.9191109538078308
0,baseline_constant,all,3,500,1.7041178941726685,1.6527682542800903,1.7611044645309448,1.8081568479537964,0.8438669443130493
0,baseline_constant,all,4,500,2.1815097332000732,2.108349084854126,2.2532100677490234,2.3391408920288086,0.7582353353500366
0,baseline_constant,all,5,500,2.595438003540039,2.4928505420684814,2.696337938308716,2.828030824661255,0.6647015810012817
0,baseline_constant,all,6,500,2.984001636505127,2.8606226444244385,3.100344657897949,3.291031837463379,0.5636724233627319
0,baseline_constant,all,7,500,3.3372387886047363,3.203561305999756,3.4849178791046143,3.708341598510742,0.45878690481185913
0,baseline_constant,all,8,500,3.6408519744873047,3.4798154830932617,3.7959768772125244,4.060919284820557,0.34757745265960693
0,baseline_constant,all,9,500,3.9000346660614014,3.7181262969970703,4.074407577514648,4.369872093200684,0.22835880517959595
0,baseline_constant,all,10,500,4.109226703643799,3.9159765243530273,4.2729620933532715,4.624693870544434,0.09768170118331909
0,baseline_constant,no_bounce,1,208,0.514146625995636,0.4905857741832733,0.5369956493377686,0.542152464389801,0.9447413086891174
0,baseline_constant,no_bounce,2,208,1.0283912420272827,0.9825036525726318,1.0734633207321167,1.0789384841918945,0.7724640369415283
0,baseline_constant,no_bounce,3,208,1.548564076423645,1.48264741897583,1.6172226667404175,1.62274968624115,0.5192722082138062
0,baseline_constant,no_bounce,4,208,2.072726011276245,1.9893319606781006,2.1557037830352783,2.1688263416290283,0.2707422971725464
0,baseline_constant,no_bounce,5,208,2.594000816345215,2.482754945755005,2.702052354812622,2.71101975440979,0.08405888080596924
0,baseline_constant,no_bounce,6,208,3.111022472381592,2.9883439540863037,3.241629123687744,3.2505266666412354,-0.03999531269073486
0,baseline_constant,no_bounce,7,208,3.635605812072754,3.499627113342285,3.789414644241333,3.7943248748779297,-0.11446058750152588
0,baseline_constant,no_bounce,8,208,4.162818431854248,3.9974422454833984,4.320272445678711,4.344998359680176,-0.16242432594299316
0,baseline_constant,no_bounce,9,208,4.687471866607666,4.479928970336914,4.876672744750977,4.892299652099609,-0.18533551692962646
0,baseline_constant,no_bounce,10,208,5.206155776977539,4.972588539123535,5.409113883972168,5.435344696044922,-0.19739127159118652
0,baseline_constant,bounce,1,292,0.6491618752479553,0.6260362267494202,0.6723026037216187,0.6798970103263855,0.9808406233787537
0,baseline_constant,bounce,2,292,1.2546850442886353,1.208227515220642,1.301395058631897,1.325331449508667,0.9379734992980957
0,baseline_constant,bounce,3,292,1.8149234056472778,1.741119623184204,1.8885585069656372,1.9293920993804932,0.8834962844848633
0,baseline_constant,bounce,4,292,2.258999824523926,2.1407721042633057,2.372797966003418,2.4532604217529297,0.8238003253936768
0,baseline_constant,bounce,5,292,2.596461772918701,2.447328805923462,2.743067741394043,2.9085116386413574,0.7591760754585266
0,baseline_constant,bounce,6,292,2.893521547317505,2.690072774887085,3.071950674057007,3.3195836544036865,0.6875383853912354
0,baseline_constant,bounce,7,292,3.1247036457061768,2.9041757583618164,3.3234758377075195,3.645857095718384,0.6125441789627075
0,baseline_constant,bounce,8,292,3.269040107727051,3.0159316062927246,3.5121521949768066,3.845785140991211,0.5336267352104187
0,baseline_constant,bounce,9,292,3.339120626449585,3.0988142490386963,3.600029468536377,3.9558756351470947,0.44093722105026245
0,baseline_constant,bounce,10,292,3.327853202819824,3.0703251361846924,3.5608599185943604,3.94697642326355,0.3229888081550598
0,baseline_linear,all,1,500,0.12035950903315097,0.09960161539900582,0.14352009811549216,0.2787646101396217,0.9952339235033943
0,baseline_linear,all,2,500,0.2630247954209335,0.2143105342272611,0.31904922424536203,0.6526108422012605,0.9771859662600996
0,baseline_linear,all,3,500,0.46288693487411364,0.3695441172802239,0.550263819482352,1.0974829671063813,0.9424800906654957
0,baseline_linear,all,4,500,0.75479680396209,0.6286587724154378,0.8826373979242053,1.629038127168143,0.8827419558659504
0,baseline_linear,all,5,500,1.1267719936044887,0.9607679299539886,1.2957609917364314,2.239767070012178,0.7896856328832997
0,baseline_linear,all,6,500,1.561875073781921,1.3660937352904439,1.7838883404888766,2.918437710072156,0.6568773874904541
0,baseline_linear,all,7,500,2.068394924432505,1.822850289992115,2.316449013925652,3.6455250773086245,0.47696710041350254
0,baseline_linear,all,8,500,2.6686254981555977,2.374909590014373,2.9949891443414964,4.4366229255005925,0.22127296272451047
0,baseline_linear,all,9,500,3.359074147848878,3.0089658679923743,3.717713080085814,5.285912044922558,-0.1290621012251496
0,baseline_linear,all,10,500,4.1244175586197525,3.730784410608758,4.486108663763268,6.189769386472894,-0.6163772771228353
0,baseline_linear,no_bounce,1,208,0.1238447878747068,0.08622261886921478,0.16822893322443214,0.3173814768084851,0.981062577561901
0,baseline_linear,no_bounce,2,208,0.21547571842137797,0.14464700010732764,0.29489912881791286,0.6232155718071983,0.9240840093054373
0,baseline_linear,no_bounce,3,208,0.3148408051101097,0.21068645732381042,0.4369804412789772,0.9279786103781731,0.8427929134213951
0,baseline_linear,no_bounce,4,208,0.4106090661662165,0.264906740459712,0.5746480975484212,1.2360051985461187,0.7631507194372897
0,baseline_linear,no_bounce,5,208,0.5043012147003677,0.3199691395809798,0.7098121666352268,1.5396248567396433,0.7045853623401912
0,baseline_linear,no_bounce,6,208,0.6005742490099062,0.37911589726858297,0.8505582476945374,1.8501118143818367,0.6630853378076706
0,baseline_linear,no_bounce,7,208,0.6915903857644969,0.44113638757810875,0.9767168013235137,2.149535328318714,0.6423280078947553
0,baseline_linear,no_bounce,8,208,0.784003989683697,0.4838668529731736,1.1195053910641244,2.462021151127902,0.6267764713622643
0,baseline_linear,no_bounce,9,208,0.8747236953282621,0.5253838887191915,1.2351479746967715,2.773623158373172,0.6190130689578459
0,baseline_linear,no_bounce,10,208,0.9670987116148283,0.5840601027475014,1.3545382692627754,3.086995630942955,0.6137629126456172
0,baseline_linear,bounce,1,292,0.11787684465286462,0.09495855262483094,0.1454027362231824,0.24761053678279024,0.9974588329570867
0,baseline_linear,bounce,2,292,0.2968953708178772,0.23342075868296813,0.3704032071862407,0.6727670949431837,0.9840170225128457
0,baseline_linear,bounce,3,292,0.5683444519662808,0.4566715916864692,0.6867796750477083,1.2037561318210754,0.9546501567726735
0,baseline_linear,bounce,4,292,0.999971630885178,0.8238270255070808,1.1862010351434373,1.8590017656693876,0.898824016044811
0,baseline_linear,bounce,5,292,1.5701758361115337,1.3418886666066547,1.805283788659798,2.6270626380655573,0.8035288541001738
0,baseline_linear,bounce,6,292,2.2466373051263697,1.9650949690311923,2.574069616376407,3.485131470386672,0.6555963843893071
0,baseline_linear,bounce,7,292,3.0491324040316337,2.68821379416098,3.4080883849617822,4.411947548591063,0.4326075339398321
0,baseline_linear,bounce,8,292,4.011095613779418,3.5931529913217024,4.452911147445999,5.4209795014905815,0.073342893892819
0,baseline_linear,bounce,9,292,5.12874844279507,4.65203670823892,5.612601510931025,6.508764403342183,-0.5134651388222935
0,baseline_linear,bounce,10,292,6.3734666003218905,5.892115896734351,6.862579387562805,7.669204962180036,-1.5560390965501392
1,A_recon_task,all,1,500,0.2965008020401001,0.2790035605430603,0.3145163655281067,0.36548590660095215,0.9920186996459961
1,A_recon_task,all,2,500,0.2950440049171448,0.2749272584915161,0.3171241879463196,0.3778664469718933,0.9922949075698853
1,A_recon_task,all,3,500,0.35290098190307617,0.33088618516921997,0.3774915337562561,0.4470459222793579,0.990007758140564
1,A_recon_task,all,4,500,0.41999584436416626,0.39289313554763794,0.45036211609840393,0.5310930013656616,0.9866170883178711
1,A_recon_task,all,5,500,0.49530553817749023,0.46552562713623047,0.5273012518882751,0.6164751648902893,0.9826231598854065
1,A_recon_task,all,6,500,0.5601149797439575,0.5264486074447632,0.5963537096977234,0.7004439234733582,0.9781762957572937
1,A_recon_task,all,7,500,0.6255242824554443,0.5873021483421326,0.6661137342453003,0.7813163995742798,0.9733560085296631
1,A_recon_task,all,8,500,0.6979758143424988,0.6517131328582764,0.7449426054954529,0.8644539713859558,0.9676015377044678
1,A_recon_task,all,9,500,0.7893527746200562,0.738960325717926,0.839494526386261,0.9722702503204346,0.9589571356773376
1,A_recon_task,all,10,500,0.8972001671791077,0.8444845080375671,0.9550420045852661,1.1018391847610474,0.9465007185935974
1,A_recon_task,no_bounce,1,239,0.28442782163619995,0.26066893339157104,0.30927854776382446,0.34737855195999146,0.9796318411827087
1,A_recon_task,no_bounce,2,239,0.24765177071094513,0.22264713048934937,0.27128398418426514,0.31128743290901184,0.9824865460395813
1,A_recon_task,no_bounce,3,239,0.2805390954017639,0.25342267751693726,0.30531859397888184,0.35027655959129333,0.9785308241844177
1,A_recon_task,no_bounce,4,239,0.3436428904533386,0.3127552270889282,0.3771514594554901,0.42976272106170654,0.9714057445526123
1,A_recon_task,no_bounce,5,239,0.41485595703125,0.37533774971961975,0.4529980719089508,0.5118763446807861,0.966234564781189
1,A_recon_task,no_bounce,6,239,0.47637665271759033,0.4315893352031708,0.5159292221069336,0.586428701877594,0.9642125368118286
1,A_recon_task,no_bounce,7,239,0.5328428149223328,0.49012964963912964,0.5814980864524841,0.6535584330558777,0.964423656463623
1,A_recon_task,no_bounce,8,239,0.5849682688713074,0.5321454405784607,0.6384868025779724,0.7155905961990356,0.9658321738243103
1,A_recon_task,no_bounce,9,239,0.6600779294967651,0.6049545407295227,0.7135219573974609,0.7938434481620789,0.9661768674850464
1,A_recon_task,no_bounce,10,239,0.7728129029273987,0.7155956625938416,0.8386270403862,0.9143587350845337,0.9632072448730469
1,A_recon_task,bounce,1,261,0.3075560927391052,0.2799871563911438,0.33635225892066956,0.3813134431838989,0.9945391416549683
1,A_recon_task,bounce,2,261,0.33844149112701416,0.30889037251472473,0.37324729561805725,0.4298821687698364,0.9939258098602295
1,A_recon_task,bounce,3,261,0.41916340589523315,0.3832736611366272,0.45602118968963623,0.5200989246368408,0.9918212294578552
1,A_recon_task,bounce,4,261,0.4899129569530487,0.44896814227104187,0.5353050231933594,0.6092755198478699,0.9892259240150452
1,A_recon_task,bounce,5,261,0.5689740180969238,0.5215433239936829,0.6165871620178223,0.6986541748046875,0.9859686493873596
1,A_recon_task,bounce,6,261,0.636794924736023,0.578462541103363,0.6982369422912598,0.7905550003051758,0.9817604422569275
1,A_recon_task,bounce,7,261,0.7103935480117798,0.645741879940033,0.7739404439926147,0.8822245597839355,0.9763387441635132
1,A_recon_task,bounce,8,261,0.8014578819274902,0.7364700436592102,0.8696507215499878,0.9811549782752991,0.9683950543403625
1,A_recon_task,bounce,9,261,0.9077309966087341,0.825086236000061,0.9824037551879883,1.1107966899871826,0.9543986916542053
1,A_recon_task,bounce,10,261,1.0111027956008911,0.923316478729248,1.1026395559310913,1.24907386302948,0.9311535358428955
1,B_task_only,all,1,500,0.5405598282814026,0.5078539252281189,0.5718088746070862,0.6593544483184814,0.9740241765975952
1,B_task_only,all,2,500,0.5473530292510986,0.514003336429596,0.5823925137519836,0.6747031211853027,0.9754345417022705
1,B_task_only,all,3,500,0.5729986429214478,0.5381618738174438,0.6095913052558899,0.6980454325675964,0.9756371974945068
1,B_task_only,all,4,500,0.5909566879272461,0.558033287525177,0.6257693767547607,0.7214253544807434,0.9753059148788452
1,B_task_only,all,5,500,0.6223645806312561,0.5847954154014587,0.66081702709198,0.7633879780769348,0.9733541011810303
1,B_task_only,all,6,500,0.6786170601844788,0.637986421585083,0.7211763262748718,0.8316421508789062,0.9692351818084717
1,B_task_only,all,7,500,0.7443023920059204,0.700885534286499,0.7945860028266907,0.919150173664093,0.9631261229515076
1,B_task_only,all,8,500,0.8308700919151306,0.7754828929901123,0.8855492472648621,1.0223772525787354,0.9546828269958496
1,B_task_only,all,9,500,0.9452776908874512,0.8866347670555115,1.0008955001831055,1.161154866218567,0.9414612054824829
1,B_task_only,all,10,500,1.069631814956665,1.0020289421081543,1.1448951959609985,1.3212478160858154,0.9230727553367615
1,B_task_only,no_bounce,1,239,0.5628138780593872,0.5190706849098206,0.6080112457275391,0.6716942191123962,0.9238466024398804
1,B_task_only,no_bounce,2,239,0.5411971807479858,0.49582189321517944,0.5879197120666504,0.6587738990783691,0.921562910079956
1,B_task_only,no_bounce,3,239,0.5353442430496216,0.48490893840789795,0.5848512053489685,0.6553139090538025,0.9248564839363098
1,B_task_only,no_bounce,4,239,0.5419595837593079,0.4892718493938446,0.5895722508430481,0.6669292449951172,0.9311378002166748
1,B_task_only,no_bounce,5,239,0.5556792616844177,0.5038601756095886,0.6074755191802979,0.6960964798927307,0.9375574588775635
1,B_task_only,no_bounce,6,239,0.5859103202819824,0.5342583060264587,0.6411022543907166,0.734158456325531,0.9439107179641724
1,B_task_only,no_bounce,7,239,0.601681649684906,0.5453070998191833,0.66559898853302,0.7667681574821472,0.9510310888290405
1,B_task_only,no_bounce,8,239,0.6341716051101685,0.5766369104385376,0.6992219090461731,0.8038610816001892,0.9568828344345093
1,B_task_only,no_bounce,9,239,0.7223846316337585,0.6639646291732788,0.7894881367683411,0.8886246681213379,0.9576180577278137
1,B_task_only,no_bounce,10,239,0.8539566397666931,0.77781081199646,0.9314531087875366,1.0381778478622437,0.9525678753852844
1,B_task_only,bounce,1,261,0.5201817154884338,0.4717160165309906,0.5656871795654297,0.6478487849235535,0.9842368364334106
1,B_task_only,bounce,2,261,0.5529900789260864,0.5068699717521667,0.6032834053039551,0.6889666318893433,0.9843977093696594
1,B_task_only,bounce,3,261,0.6074790358543396,0.5568411946296692,0.6570569276809692,0.7349992990493774,0.9836661219596863
1,B_task_only,bounce,4,261,0.6358237266540527,0.5840866565704346,0.6905800700187683,0.7679434418678284,0.982883632183075
1,B_task_only,bounce,5,261,0.6834288835525513,0.6286205053329468,0.737560510635376,0.8201791644096375,0.9806628227233887
1,B_task_only,bounce,6,261,0.7635095715522766,0.7026091814041138,0.825084924697876,0.9118128418922424,0.9757360219955444
1,B_task_only,bounce,7,261,0.874901294708252,0.8084483742713928,0.945837140083313,1.0392717123031616,0.967164933681488
1,B_task_only,bounce,8,261,1.010988712310791,0.9400169849395752,1.0836994647979736,1.187720537185669,0.9536864161491394
1,B_task_only,bounce,9,261,1.1493829488754272,1.0585249662399292,1.2371325492858887,1.3637522459030151,0.9312648177146912
1,B_task_only,bounce,10,261,1.2671273946762085,1.1681716442108154,1.3712852001190186,1.535344123840332,0.8959800004959106
1,baseline_constant,all,1,500,0.5679717659950256,0.5498685240745544,0.5858402252197266,0.6013529896736145,0.9783931970596313
1,baseline_constant,all,2,500,1.1048725843429565,1.0707186460494995,1.1387336254119873,1.1730225086212158,0.925747275352478
1,baseline_constant,all,3,500,1.608001947402954,1.5588868856430054,1.6603246927261353,1.710343837738037,0.8537397980690002
1,baseline_constant,all,4,500,2.0546109676361084,1.985024333000183,2.1256449222564697,2.2145192623138428,0.7673148512840271
1,baseline_constant,all,5,500,2.4769186973571777,2.3770439624786377,2.5669479370117188,2.696481466293335,0.6675437688827515
1,baseline_constant,all,6,500,2.877042531967163,2.7695443630218506,2.9981236457824707,3.156914710998535,0.556690514087677
1,baseline_constant,all,7,500,3.257371187210083,3.13531756401062,3.3832874298095703,3.587345600128174,0.4383160471916199
1,baseline_constant,all,8,500,3.6060779094696045,3.4606668949127197,3.746002674102783,3.9759297370910645,0.31464093923568726
1,baseline_constant,all,9,500,3.9217910766601562,3.758585214614868,4.073340892791748,4.3402605056762695,0.18210971355438232
1,baseline_constant,all,10,500,4.199746608734131,4.024781227111816,4.377556324005127,4.666131973266602,0.0405426025390625
1,baseline_constant,no_bounce,1,239,0.5051858425140381,0.4847603738307953,0.5255556106567383,0.532703161239624,0.9521020650863647
1,baseline_constant,no_bounce,2,239,1.0147136449813843,0.9749140739440918,1.0556179285049438,1.0633291006088257,0.7956455945968628
1,baseline_constant,no_bounce,3,239,1.5258978605270386,1.4658617973327637,1.5879199504852295,1.5967828035354614,0.5538462400436401
1,baseline_constant,no_bounce,4,239,2.02966570854187,1.9476438760757446,2.1035959720611572,2.123838424682617,0.30166393518447876
1,baseline_constant,no_bounce,5,239,2.5405375957489014,2.4408669471740723,2.644184112548828,2.6567647457122803,0.09040486812591553
1,baseline_constant,no_bounce,6,239,3.045868396759033,2.929334878921509,3.168766736984253,3.1863694190979004,-0.056555986404418945
1,baseline_constant,no_bounce,7,239,3.550380229949951,3.417778968811035,3.700366258621216,3.7152621746063232,-0.14966487884521484
1,baseline_constant,no_bounce,8,239,4.060661315917969,3.8970274925231934,4.216034889221191,4.244224548339844,-0.20194530487060547
1,baseline_constant,no_bounce,9,239,4.577018737792969,4.402982234954834,4.7476372718811035,4.781490325927734,-0.2270737886428833
1,baseline_constant,no_bounce,10,239,5.083971977233887,4.893831729888916,5.278799533843994,5.309811592102051,-0.24075782299041748
1,baseline_constant,bounce,1,261,0.6254653334617615,0.6006085872650146,0.6496755480766296,0.6579633951187134,0.9837408065795898
1,baseline_constant,bounce,2,261,1.1874319314956665,1.1333924531936646,1.2356356382369995,1.2651548385620117,0.947388768196106
1,baseline_constant,bounce,3,261,1.683185338973999,1.6071345806121826,1.7611442804336548,1.8080874681472778,0.9011549353599548
1,baseline_constant,bounce,4,261,2.07745361328125,1.9644173383712769,2.1966135501861572,2.29441499710083,0.8472093343734741
1,baseline_constant,bounce,5,261,2.4186623096466064,2.278118371963501,2.5751261711120605,2.732344388961792,0.7853918075561523
1,baseline_constant,bounce,6,261,2.722447156906128,2.53342604637146,2.897116184234619,3.129699468612671,0.7141384482383728
1,baseline_constant,bounce,7,261,2.989060163497925,2.7826366424560547,3.196293830871582,3.4660727977752686,0.6347798109054565
1,baseline_constant,bounce,8,261,3.189811944961548,2.949066400527954,3.4174742698669434,3.713285446166992,0.5473148226737976
1,baseline_constant,bounce,9,261,3.3217933177948,3.0761568546295166,3.5743777751922607,3.8925983905792236,0.44000113010406494
1,baseline_constant,bounce,10,261,3.3900535106658936,3.140268087387085,3.640244960784912,3.9865689277648926,0.2986997365951538
1,baseline_linear,all,1,500,0.1402421908712131,0.11591432485455881,0.166393109047458,0.31422302903782384,0.9941006040649562
1,baseline_linear,all,2,500,0.31791400660324143,0.26250160706319003,0.3803376213611627,0.7230958454210153,0.9717842508308836
1,baseline_linear,all,3,500,0.5534621985748527,0.4667495295655608,0.6609699284683593,1.2033157598994617,0.9276033334999039
1,baseline_linear,all,4,500,0.8707978382523288,0.741747419631829,1.0148784540209164,1.7618951674599836,0.8527111460881469
1,baseline_linear,all,5,500,1.2504263108086888,1.0721785915448927,1.441976592427818,2.38535012670715,0.73983803280115
1,baseline_linear,all,6,500,1.686613150802732,1.4719020444889102,1.914310751848985,3.0643391976672034,0.5823090623014654
1,baseline_linear,all,7,500,2.1824453337470184,1.915061004629286,2.45935983624123,3.790048845370379,0.37304661842009323
1,baseline_linear,all,8,500,2.736926457095251,2.445577052783221,3.0881971604589564,4.557628340432828,0.09942777494301303
1,baseline_linear,all,9,500,3.3559797576724666,2.9770473288668144,3.703408566386373,5.370370158483369,-0.2521949549507776
1,baseline_linear,all,10,500,4.039803489323531,3.641500508195364,4.484522655691238,6.225760454178723,-0.708034092416741
1,baseline_linear,no_bounce,1,239,0.16179664940225003,0.120239832734179,0.20602569514004512,0.37966954302987077,0.9756691337348076
1,baseline_linear,no_bounce,2,239,0.2964473731927116,0.21666010391120202,0.38861816547324607,0.7510526654502162,0.8980494854430243
1,baseline_linear,no_bounce,3,239,0.4287389045388576,0.3082468651092355,0.5651826152075864,1.1221504570933643,0.7796591682812779
1,baseline_linear,no_bounce,4,239,0.5612637969538828,0.3886950386103723,0.7523317213898161,1.4896798292665838,0.6564361939353398
1,baseline_linear,no_bounce,5,239,0.6914511241052138,0.4902490138314282,0.906173326757023,1.8564191520045483,0.5558865052671034
1,baseline_linear,no_bounce,6,239,0.8179579334920243,0.5742999001234554,1.0740964598271638,2.2228045173857383,0.48583473257728005
1,baseline_linear,no_bounce,7,239,0.9460610897816322,0.6523817971948008,1.286268740804353,2.591887278760753,0.44046848865962884
1,baseline_linear,no_bounce,8,239,1.0742699997369287,0.7642281101505576,1.427501771268546,2.954774546383222,0.41744541380216416
1,baseline_linear,no_bounce,9,239,1.1947132138810344,0.8236159950506152,1.6090249162726462,3.31723434892801,0.4093959975742191
1,baseline_linear,no_bounce,10,239,1.3235662452138377,0.8911454830010055,1.7943690166449038,3.6876727447010675,0.401542113168747
1,baseline_linear,bounce,1,261,0.12050458325083828,0.09722824354693509,0.14703681269538824,0.23906309859504402,0.9978535506867691
1,baseline_linear,bounce,2,261,0.33757119198683005,0.265515711945321,0.4116637428276423,0.6965119869852104,0.9840541218734629
1,baseline_linear,bounce,3,261,0.6676724180177753,0.5426466522668756,0.7954677996194209,1.2731088973753382,0.9509942389761589
1,baseline_linear,bounce,4,261,1.1542408875639325,0.962153941360784,1.3427208668596495,1.9785839958364873,0.8863781144019431
1,baseline_linear,bounce,5,261,1.7622848151080397,1.4905911283714741,2.0318873570335425,2.782873049735075,0.777381029116392
1,baseline_linear,bounce,6,261,2.4820483881102384,2.170609500521681,2.820353883269177,3.669393885294957,0.6070482765957697
1,baseline_linear,bounce,7,261,3.3146132812862037,2.946697244707672,3.6882456735692433,4.6223933878739345,0.35044899609755675
1,baseline_linear,bounce,8,261,4.259435626860151,3.8130956212448055,4.695040705352861,5.6389968499301215,-0.04395862693533492
1,baseline_linear,bounce,9,261,5.335070577466154,4.850969421431581,5.805817653410987,6.7211769657596525,-0.6695470779335162
1,baseline_linear,bounce,10,261,6.527085869945051,5.99918415572129,7.075078259055615,7.8613225275870615,-1.7270720832557305
2,A_recon_task,all,1,500,0.2568090856075287,0.23749828338623047,0.27964887022972107,0.3463068902492523,0.9928829073905945
2,A_recon_task,all,2,500,0.338273286819458,0.31296244263648987,0.3661332130432129,0.4513012766838074,0.9892951846122742
2,A_recon_task,all,3,500,0.41421404480934143,0.3859120309352875,0.44712334871292114,0.5402840375900269,0.9860854148864746
2,A_recon_task,all,4,500,0.48817309737205505,0.456506609916687,0.5225032567977905,0.6262060403823853,0.9826663732528687
2,A_recon_task,all,5,500,0.5677719712257385,0.5281042456626892,0.6023637652397156,0.715258002281189,0.9785593748092651
2,A_recon_task,all,6,500,0.6324812173843384,0.5889509320259094,0.6752442121505737,0.7925588488578796,0.9743525981903076
2,A_recon_task,all,7,500,0.6892305016517639,0.647771954536438,0.7397556304931641,0.8630950450897217,0.9699774384498596
2,A_recon_task,all,8,500,0.7485071420669556,0.7007954716682434,0.798214852809906,0.9301756620407104,0.9650657773017883
2,A_recon_task,all,9,500,0.8164719343185425,0.7638464570045471,0.8645860552787781,1.011074185371399,0.9582944512367249
2,A_recon_task,all,10,500,0.8757025003433228,0.8183863759040833,0.9330561757087708,1.093966007232666,0.9496744275093079
2,A_recon_task,no_bounce,1,212,0.229620561003685,0.20677022635936737,0.2547663152217865,0.2937871217727661,0.9836331009864807
2,A_recon_task,no_bounce,2,212,0.288302481174469,0.25745052099227905,0.3181573152542114,0.3671700656414032,0.9733517169952393
2,A_recon_task,no_bounce,3,212,0.3444446325302124,0.30978646874427795,0.3811591863632202,0.44027867913246155,0.9641984701156616
2,A_recon_task,no_bounce,4,212,0.4278131425380707,0.3804487884044647,0.4755004644393921,0.5504677891731262,0.9523802995681763
2,A_recon_task,no_bounce,5,212,0.5038486123085022,0.44131019711494446,0.5632463097572327,0.6562176942825317,0.9451591372489929
2,A_recon_task,no_bounce,6,212,0.577559232711792,0.5133602619171143,0.6487667560577393,0.7579158544540405,0.9420389533042908
2,A_recon_task,no_bounce,7,212,0.639297366142273,0.5722446441650391,0.7144591808319092,0.8438234329223633,0.9430920481681824
2,A_recon_task,no_bounce,8,212,0.6917923092842102,0.6124433875083923,0.7762879729270935,0.9143390655517578,0.9466063976287842
2,A_recon_task,no_bounce,9,212,0.7347322702407837,0.6608102917671204,0.8212939500808716,0.979240894317627,0.9505858421325684
2,A_recon_task,no_bounce,10,212,0.8118438124656677,0.7155102491378784,0.9052873849868774,1.0726476907730103,0.9514244794845581
2,A_recon_task,bounce,1,288,0.27682289481163025,0.24864031374454498,0.3080027103424072,0.38036131858825684,0.9942975640296936
2,A_recon_task,bounce,2,288,0.3750573396682739,0.3395221531391144,0.4160241186618805,0.5043418407440186,0.9913204312324524
2,A_recon_task,bounce,3,288,0.46557214856147766,0.42177364230155945,0.5087170004844666,0.6033995747566223,0.9887741804122925
2,A_recon_task,bounce,4,288,0.5326047539710999,0.4881775677204132,0.5802444219589233,0.676561713218689,0.9867638945579529
2,A_recon_task,bounce,5,288,0.6148266196250916,0.568595826625824,0.6673712134361267,0.7557768225669861,0.9839668273925781
2,A_recon_task,bounce,6,288,0.6729098558425903,0.6174630522727966,0.7250349521636963,0.8171219825744629,0.9810318946838379
2,A_recon_task,bounce,7,288,0.725986897945404,0.6698114275932312,0.7863021492958069,0.8770105242729187,0.9772703051567078
2,A_recon_task,bounce,8,288,0.7902555465698242,0.7314741611480713,0.8453570604324341,0.9416630268096924,0.9717985391616821
2,A_recon_task,bounce,9,288,0.8766413927078247,0.8161945939064026,0.9389044642448425,1.0338810682296753,0.9621530771255493
2,A_recon_task,bounce,10,288,0.9227097034454346,0.8546714782714844,0.9910830855369568,1.1093968152999878,0.9483328461647034
2,B_task_only,all,1,500,0.30938073992729187,0.28784188628196716,0.33219197392463684,0.39144739508628845,0.9909065961837769
2,B_task_only,all,2,500,0.35814014077186584,0.3333198130130768,0.38410305976867676,0.4623595178127289,0.9887641668319702
2,B_task_only,all,3,500,0.429875910282135,0.39964714646339417,0.46134161949157715,0.5477889776229858,0.9856961965560913
2,B_task_only,all,4,500,0.47519752383232117,0.44094496965408325,0.5085762143135071,0.6031010746955872,0.9839218854904175
2,B_task_only,all,5,500,0.5266101360321045,0.4930354952812195,0.5578468441963196,0.6518113613128662,0.9821944236755371
2,B_task_only,all,6,500,0.5518497228622437,0.5182848572731018,0.5896114706993103,0.6812309622764587,0.9810517430305481
2,B_task_only,all,7,500,0.5844250321388245,0.5516179203987122,0.6211378574371338,0.7225056886672974,0.9789615869522095
2,B_task_only,all,8,500,0.6320498585700989,0.5960361957550049,0.6712554097175598,0.7779319882392883,0.9755654335021973
2,B_task_only,all,9,500,0.7117210030555725,0.6691770553588867,0.7555755376815796,0.8752418756484985,0.9687475562095642
2,B_task_only,all,10,500,0.7953165769577026,0.7416950464248657,0.8458767533302307,0.9848750829696655,0.9592109322547913
2,B_task_only,no_bounce,1,212,0.3120039403438568,0.28092944622039795,0.3428792357444763,0.387033611536026,0.9715948104858398
2,B_task_only,no_bounce,2,212,0.3678382933139801,0.3296108543872833,0.4064747989177704,0.4563741087913513,0.9588304162025452
2,B_task_only,no_bounce,3,212,0.4337756931781769,0.3914373219013214,0.47781452536582947,0.5365791320800781,0.9468242526054382
2,B_task_only,no_bounce,4,212,0.48415282368659973,0.43530723452568054,0.5320484638214111,0.6016631126403809,0.9431108236312866
2,B_task_only,no_bounce,5,212,0.5175478458404541,0.4660067558288574,0.5693487524986267,0.6421311497688293,0.9474883079528809
2,B_task_only,no_bounce,6,212,0.5484633445739746,0.4987044930458069,0.6005440950393677,0.6735357642173767,0.9542263746261597
2,B_task_only,no_bounce,7,212,0.5618340969085693,0.5082279443740845,0.6211334466934204,0.705182671546936,0.9602558612823486
2,B_task_only,no_bounce,8,212,0.5771950483322144,0.5154249668121338,0.6468148827552795,0.7423047423362732,0.9648083448410034
2,B_task_only,no_bounce,9,212,0.6347011923789978,0.5690540075302124,0.7015513777732849,0.8126479387283325,0.9659688472747803
2,B_task_only,no_bounce,10,212,0.7569902539253235,0.6812101006507874,0.8384852409362793,0.9629471302032471,0.9608520865440369
2,B_task_only,bounce,1,288,0.3074497580528259,0.2788723409175873,0.33901211619377136,0.3946648836135864,0.9938606023788452
2,B_task_only,bounce,2,288,0.35100114345550537,0.3168551027774811,0.3887866735458374,0.4667164385318756,0.9925671815872192
2,B_task_only,bounce,3,288,0.42700523138046265,0.384798526763916,0.4680325984954834,0.5558962821960449,0.990472137928009
2,B_task_only,bounce,4,288,0.4686053991317749,0.4263456463813782,0.5116397142410278,0.6041573882102966,0.9894453287124634
2,B_task_only,bounce,5,288,0.5332809090614319,0.4875313639640808,0.5800418853759766,0.6588461399078369,0.9878157377243042
2,B_task_only,bounce,6,288,0.55434250831604,0.5063077807426453,0.6020049452781677,0.6868403553962708,0.9865982532501221
2,B_task_only,bounce,7,288,0.6010544896125793,0.5542441010475159,0.6542289853096008,0.7349966168403625,0.9840355515480042
2,B_task_only,bounce,8,288,0.672429084777832,0.6232303977012634,0.7251796722412109,0.8031483888626099,0.9794849753379822
2,B_task_only,bounce,9,288,0.7684161067008972,0.7088205218315125,0.8261510133743286,0.9185965061187744,0.9701228737831116
2,B_task_only,bounce,10,288,0.8235290050506592,0.7627254724502563,0.8904896378517151,1.0007095336914062,0.9579606056213379
2,baseline_constant,all,1,500,0.5739278793334961,0.5576971769332886,0.5901696085929871,0.605120837688446,0.9782697558403015
2,baseline_constant,all,2,500,1.106167197227478,1.0712347030639648,1.1414963006973267,1.1737662553787231,0.927588164806366
2,baseline_constant,all,3,500,1.6160222291946411,1.5638257265090942,1.6681036949157715,1.7252229452133179,0.8581217527389526
2,baseline_constant,all,4,500,2.084733486175537,2.016937732696533,2.1588268280029297,2.2411837577819824,0.777970552444458
2,baseline_constant,all,5,500,2.521090269088745,2.4303181171417236,2.6091225147247314,2.725515127182007,0.6886783242225647
2,baseline_constant,all,6,500,2.884187936782837,2.7690951824188232,2.9875407218933105,3.1570944786071777,0.5930367112159729
2,baseline_constant,all,7,500,3.222683906555176,3.094611644744873,3.35680890083313,3.559558868408203,0.48935025930404663
2,baseline_constant,all,8,500,3.522043228149414,3.3635141849517822,3.665336847305298,3.925339937210083,0.3778773546218872
2,baseline_constant,all,9,500,3.797793388366699,3.625938653945923,3.9663686752319336,4.266959190368652,0.25721240043640137
2,baseline_constant,all,10,500,4.026862621307373,3.8361287117004395,4.206295013427734,4.5582990646362305,0.12625056505203247
2,baseline_constant,no_bounce,1,212,0.5044339895248413,0.4819183647632599,0.5270362496376038,0.5323519110679626,0.9462599158287048
2,baseline_constant,no_bounce,2,212,1.0009565353393555,0.9613828659057617,1.0440027713775635,1.0539966821670532,0.7804098129272461
2,baseline_constant,no_bounce,3,212,1.5039067268371582,1.4398868083953857,1.5705714225769043,1.5794589519500732,0.5392528772354126
2,baseline_constant,no_bounce,4,212,2.00655460357666,1.924795389175415,2.0886192321777344,2.1043155193328857,0.3041036128997803
2,baseline_constant,no_bounce,5,212,2.5115833282470703,2.407135486602783,2.6109704971313477,2.628781318664551,0.11993002891540527
2,baseline_constant,no_bounce,6,212,3.0138351917266846,2.8803746700286865,3.143627643585205,3.154222011566162,-0.0038727521896362305
2,baseline_constant,no_bounce,7,212,3.5249056816101074,3.377854347229004,3.679882526397705,3.6871085166931152,-0.08653008937835693
2,baseline_constant,no_bounce,8,212,4.029140472412109,3.86651349067688,4.191717147827148,4.211877822875977,-0.13299083709716797
2,baseline_constant,no_bounce,9,212,4.537497043609619,4.3558831214904785,4.726029396057129,4.740120887756348,-0.1578463315963745
2,baseline_constant,no_bounce,10,212,5.043989181518555,4.833523273468018,5.250586986541748,5.269124507904053,-0.17214274406433105
2,baseline_constant,bounce,1,288,0.6250830888748169,0.6025817394256592,0.6474394202232361,0.653529703617096,0.9831655025482178
2,baseline_constant,bounce,2,288,1.1836140155792236,1.1302636861801147,1.23121178150177,1.2546454668045044,0.9462856650352478
2,baseline_constant,bounce,3,288,1.6985517740249634,1.6283766031265259,1.7699024677276611,1.825097680091858,0.8972973823547363
2,baseline_constant,bounce,4,288,2.1422817707061768,2.025183916091919,2.2465693950653076,2.3368172645568848,0.8420954942703247
2,baseline_constant,bounce,5,288,2.5280885696411133,2.3752193450927734,2.681015968322754,2.7945830821990967,0.7807869911193848
2,baseline_constant,bounce,6,288,2.7887532711029053,2.608309030532837,2.9565672874450684,3.159207344055176,0.716465175151825
2,baseline_constant,bounce,7,288,3.0002145767211914,2.8160388469696045,3.1860861778259277,3.462667465209961,0.6456722021102905
2,baseline_constant,bounce,8,288,3.148763418197632,2.919909954071045,3.371173143386841,3.7002649307250977,0.5645419955253601
2,baseline_constant,bounce,9,288,3.2532894611358643,3.000152111053467,3.51399302482605,3.8819820880889893,0.46642374992370605
2,baseline_constant,bounce,10,288,3.2781453132629395,3.0206685066223145,3.5455453395843506,3.954228401184082,0.3436066508293152
2,baseline_linear,all,1,500,0.11382324503269046,0.09420761860592756,0.13524433805377337,0.2600270500256657,0.9959874750152025
2,baseline_linear,all,2,500,0.2682196721050423,0.22137246670079186,0.3212700257016113,0.628680516629674,0.9792266598784704
2,baseline_linear,all,3,500,0.47698440730338915,0.39215881629043725,0.5703189963691403,1.0880115935661183,0.9435722931855075
2,baseline_linear,all,4,500,0.7641675381059758,0.6483201553191758,0.9043350519274828,1.620770406574448,0.8838822467846013
2,baseline_linear,all,5,500,1.1220547786034876,0.9494791533737734,1.2895682421577221,2.226642629573708,0.7922154703917206
2,baseline_linear,all,6,500,1.5696280380757526,1.3750241170672817,1.7767001441622852,2.8992653235229087,0.6567931104504763
2,baseline_linear,all,7,500,2.0829104870704396,1.8456645498055542,2.347670273792959,3.626812977978282,0.4698716172414569
2,baseline_linear,all,8,500,2.672369703249133,2.3821704338287675,2.987638340226549,4.406595363034148,0.2159788087259703
2,baseline_linear,all,9,500,3.3188822795933812,2.962494835489226,3.6537155895284523,5.238489140654675,-0.11954038375048381
2,baseline_linear,all,10,500,4.0408140102021575,3.651880820557406,4.432934227496803,6.113939153437011,-0.5718950317268796
2,baseline_linear,no_bounce,1,212,0.12870897639999693,0.09560489657616138,0.16896844948400336,0.312751151471996,0.9814519383806137
2,baseline_linear,no_bounce,2,212,0.23119023249853612,0.15952768576230397,0.31743638550770414,0.6220490260138539,0.9235136943215543
2,baseline_linear,no_bounce,3,212,0.33026123274434005,0.22940477692601183,0.45051411570836175,0.9258616281341471,0.8416791322936843
2,baseline_linear,no_bounce,4,212,0.43299257900249566,0.28510817637631913,0.6111474532803152,1.2316364213353663,0.7616100744314132
2,baseline_linear,no_bounce,5,212,0.5315730518239709,0.3488886627041348,0.7360324360724574,1.5329304665824408,0.7007368749482044
2,baseline_linear,no_bounce,6,212,0.6261269021164274,0.4258212200354978,0.8623528906994253,1.8394810364690306,0.6585832599409975
2,baseline_linear,no_bounce,7,212,0.7221341116863461,0.4687120587749512,1.017459544595902,2.14687666295193,0.6316301159423061
2,baseline_linear,no_bounce,8,212,0.8200330777919658,0.5531975423987463,1.1682430375499193,2.4499847224868905,0.6166445885964913
2,baseline_linear,no_bounce,9,212,0.92642989752041,0.6008983048476402,1.280814523262824,2.752301333948659,0.6096410734175721
2,baseline_linear,no_bounce,10,212,1.0240031269879766,0.6867529486156648,1.419205568270112,3.053375368490767,0.6063919762819479
2,baseline_linear,bounce,1,288,0.10286569277620099,0.08237370222468599,0.12340797954463292,0.2130354155982674,0.9982111550046318
2,baseline_linear,bounce,2,288,0.2954774540376093,0.2376676610031912,0.36000653837936625,0.6335176758932975,0.9863048875463547
2,baseline_linear,bounce,3,288,0.5849889663538003,0.47099627630389784,0.6981853502193189,1.1933758516684647,0.9560899739479096
2,baseline_linear,bounce,4,288,1.0079491052238154,0.8442864510116124,1.195888624996769,1.8557900770006321,0.9004129684872705
2,baseline_linear,bounce,5,288,1.5567149385939654,1.3199407356851225,1.809691299058007,2.622548476313963,0.8069457988083333
2,baseline_linear,bounce,6,288,2.264149707601367,1.956220831045357,2.5743387850967947,3.478868413155652,0.6561839582413049
2,baseline_linear,bounce,7,288,3.084593096728175,2.7066005240959994,3.4030416314252867,4.409491559629256,0.42540650379211853
2,baseline_linear,bounce,8,288,4.035895274766214,3.600874345535241,4.443676557215554,5.4123467443622735,0.06835198926476671
2,baseline_linear,bounce,9,288,5.079993060841541,4.640001117641228,5.549846579675963,6.485815120593378,-0.4894249856676107
2,baseline_linear,bounce,10,288,6.26152202145704,5.772460232517025,6.765370489111319,7.617967737183397,-1.436233480219801
3,A_recon_task,all,1,500,0.3755900263786316,0.35124900937080383,0.4020251929759979,0.4805711507797241,0.9866009950637817
3,A_recon_task,all,2,500,0.3828030824661255,0.3539329469203949,0.41182464361190796,0.5023418664932251,0.9868544936180115
3,A_recon_task,all,3,500,0.4238177537918091,0.3927692472934723,0.4562336802482605,0.5630208849906921,0.9847420454025269
3,A_recon_task,all,4,500,0.4851484000682831,0.45356595516204834,0.5234544277191162,0.6365886926651001,0.9817066192626953
3,A_recon_task,all,5,500,0.5344176292419434,0.4975011348724365,0.5749438405036926,0.7071525454521179,0.9785400629043579
3,A_recon_task,all,6,500,0.5951164960861206,0.5534586310386658,0.6414055228233337,0.7697375416755676,0.9756237268447876
3,A_recon_task,all,7,500,0.6417853832244873,0.5952778458595276,0.6902230381965637,0.8359197378158569,0.9718116521835327
3,A_recon_task,all,8,500,0.7056615948677063,0.6561329364776611,0.7570330500602722,0.9018638730049133,0.9671823382377625
3,A_recon_task,all,9,500,0.7748358249664307,0.726890504360199,0.8226026296615601,0.9649423360824585,0.9615751504898071
3,A_recon_task,all,10,500,0.8432780504226685,0.7920969128608704,0.8943899273872375,1.0433378219604492,0.9532583951950073
3,A_recon_task,no_bounce,1,215,0.4112972617149353,0.37312549352645874,0.448074609041214,0.4973497688770294,0.9584647417068481
3,A_recon_task,no_bounce,2,215,0.3910216987133026,0.35432904958724976,0.43063557147979736,0.4966369867324829,0.9562899470329285
3,A_recon_task,no_bounce,3,215,0.4276878833770752,0.38416939973831177,0.4765533208847046,0.5552323460578918,0.9476346969604492
3,A_recon_task,no_bounce,4,215,0.47266244888305664,0.4224805235862732,0.5293226838111877,0.6123731732368469,0.9443875551223755
3,A_recon_task,no_bounce,5,215,0.5072634220123291,0.44956719875335693,0.5639564990997314,0.6669511795043945,0.9454161524772644
3,A_recon_task,no_bounce,6,215,0.5444063544273376,0.48267751932144165,0.6030443906784058,0.7068968415260315,0.9506391286849976
3,A_recon_task,no_bounce,7,215,0.5825212597846985,0.5216084122657776,0.648617148399353,0.7594408988952637,0.9546401500701904
3,A_recon_task,no_bounce,8,215,0.6242316961288452,0.5592669248580933,0.6932955980300903,0.8090689182281494,0.9587242603302002
3,A_recon_task,no_bounce,9,215,0.6806636452674866,0.6132401823997498,0.749748945236206,0.8633971214294434,0.9619929194450378
3,A_recon_task,no_bounce,10,215,0.7804524302482605,0.703528642654419,0.8592591881752014,0.9699292182922363,0.9607414603233337
3,A_recon_task,bounce,1,285,0.34865298867225647,0.31402868032455444,0.39037275314331055,0.46751531958580017,0.9915081262588501
3,A_recon_task,bounce,2,285,0.3766030967235565,0.3390381932258606,0.41497793793678284,0.506602942943573,0.9912751913070679
3,A_recon_task,bounce,3,285,0.4208981692790985,0.37926149368286133,0.46426114439964294,0.5688259601593018,0.9898903965950012
3,A_recon_task,bounce,4,285,0.4945676624774933,0.4474670886993408,0.5445002317428589,0.6542636752128601,0.9873265624046326
3,A_recon_task,bounce,5,285,0.5549023151397705,0.5004072189331055,0.6115894317626953,0.7360283136367798,0.9844029545783997
3,A_recon_task,bounce,6,285,0.6333714723587036,0.5725270509719849,0.6895541548728943,0.8139394521713257,0.9810743927955627
3,A_recon_task,bounce,7,285,0.686493456363678,0.6209949254989624,0.7489293217658997,0.8892723917961121,0.97666996717453
3,A_recon_task,bounce,8,285,0.7670912146568298,0.7008315920829773,0.8397071957588196,0.9659863114356995,0.970391571521759
3,A_recon_task,bounce,9,285,0.845878005027771,0.7791672348976135,0.9141748547554016,1.0349745750427246,0.9613476395606995
3,A_recon_task,bounce,10,285,0.8906728029251099,0.8205883502960205,0.9711204767227173,1.095465898513794,0.9473038911819458
3,B_task_only,all,1,500,0.47615060210227966,0.4446185529232025,0.5080060362815857,0.599452793598175,0.9791518449783325
3,B_task_only,all,2,500,0.4251803755760193,0.39476916193962097,0.45622536540031433,0.5560574531555176,0.9838928580284119
3,B_task_only,all,3,500,0.4527527391910553,0.4205530881881714,0.49004456400871277,0.5999177694320679,0.9826766848564148
3,B_task_only,all,4,500,0.5394074320793152,0.5029372572898865,0.5806738138198853,0.7002954483032227,0.9778620004653931
3,B_task_only,all,5,500,0.6439709067344666,0.5999240875244141,0.6893183588981628,0.8265261054039001,0.9706832766532898
3,B_task_only,all,6,500,0.7589453458786011,0.7101773619651794,0.8099728226661682,0.953650951385498,0.9625837206840515
3,B_task_only,all,7,500,0.8645466566085815,0.8090859055519104,0.9192166924476624,1.0742472410202026,0.9534468650817871
3,B_task_only,all,8,500,0.9756693243980408,0.9155123829841614,1.0408605337142944,1.2009450197219849,0.9418069124221802
3,B_task_only,all,9,500,1.080237627029419,1.0153419971466064,1.1529791355133057,1.3383009433746338,0.9260876774787903
3,B_task_only,all,10,500,1.2048777341842651,1.130055546760559,1.2894014120101929,1.5024164915084839,0.9030752778053284
3,B_task_only,no_bounce,1,215,0.4710211157798767,0.42899811267852783,0.5181084275245667,0.5783408880233765,0.9438356757164001
3,B_task_only,no_bounce,2,215,0.4209250509738922,0.37892451882362366,0.4619836211204529,0.5286872386932373,0.9504663348197937
3,B_task_only,no_bounce,3,215,0.4706099331378937,0.422879159450531,0.5171953439712524,0.5922185182571411,0.9404258131980896
3,B_task_only,no_bounce,4,215,0.5605646967887878,0.5090521574020386,0.6171594262123108,0.700934112071991,0.9271392226219177
3,B_task_only,no_bounce,5,215,0.659622073173523,0.5982113480567932,0.721463143825531,0.808610737323761,0.9197666049003601
3,B_task_only,no_bounce,6,215,0.7099686861038208,0.6408321857452393,0.7833688855171204,0.8721591830253601,0.9248615503311157
3,B_task_only,no_bounce,7,215,0.7504134774208069,0.677364706993103,0.818825900554657,0.9323904514312744,0.9316278100013733
3,B_task_only,no_bounce,8,215,0.7969140410423279,0.7203121185302734,0.8843201994895935,1.0031269788742065,0.9365494251251221
3,B_task_only,no_bounce,9,215,0.8838372230529785,0.7981469631195068,0.9742868542671204,1.1177632808685303,0.9362994432449341
3,B_task_only,no_bounce,10,215,1.0484529733657837,0.9421421885490417,1.1574558019638062,1.2969940900802612,0.9298011064529419
3,B_task_only,bounce,1,285,0.48002031445503235,0.4401726722717285,0.5245219469070435,0.6148998737335205,0.9853100776672363
3,B_task_only,bounce,2,285,0.4283905625343323,0.3851008117198944,0.4769037365913391,0.5758448839187622,0.9887272119522095
3,B_task_only,bounce,3,285,0.4392814636230469,0.3929048180580139,0.4916994869709015,0.6056613326072693,0.9885386824607849
3,B_task_only,bounce,4,285,0.5234466791152954,0.47119805216789246,0.5785396099090576,0.6998133063316345,0.9855005145072937
3,B_task_only,bounce,5,285,0.6321638226509094,0.5655450224876404,0.6949310302734375,0.8397883176803589,0.9796954393386841
3,B_task_only,bounce,6,285,0.7958927154541016,0.7292004823684692,0.8735178709030151,1.0107886791229248,0.9708131551742554
3,B_task_only,bounce,7,285,0.9506471753120422,0.871457040309906,1.0298503637313843,1.1699347496032715,0.9596197605133057
3,B_task_only,bounce,8,285,1.1105197668075562,1.029727816581726,1.1969281435012817,1.330858826637268,0.9437998533248901
3,B_task_only,bounce,9,285,1.228399395942688,1.1361193656921387,1.3306283950805664,1.4831271171569824,0.9206268787384033
3,B_task_only,bounce,10,285,1.3228824138641357,1.2109097242355347,1.4468066692352295,1.640449047088623,0.8818301558494568
3,baseline_constant,all,1,500,0.5806748270988464,0.5639088153839111,0.5988675951957703,0.6134961247444153,0.9781635999679565
3,baseline_constant,all,2,500,1.1274269819259644,1.091969609260559,1.1625441312789917,1.1957145929336548,0.9255210161209106
3,baseline_constant,all,3,500,1.6409809589385986,1.589439034461975,1.6964410543441772,1.7500079870224,0.8525899052619934
3,baseline_constant,all,4,500,2.113527536392212,2.035123109817505,2.188976764678955,2.278109312057495,0.7657252550125122
3,baseline_constant,all,5,500,2.5592153072357178,2.465672492980957,2.651111125946045,2.7786760330200195,0.6686567664146423
3,baseline_constant,all,6,500,2.9870223999023438,2.8760061264038086,3.0994040966033936,3.261260986328125,0.5624244213104248
3,baseline_constant,all,7,500,3.3568520545959473,3.2222254276275635,3.4948160648345947,3.6878161430358887,0.4513706564903259
3,baseline_constant,all,8,500,3.670093536376953,3.524597406387329,3.812913656234741,4.059671401977539,0.3350223898887634
3,baseline_constant,all,9,500,3.9301650524139404,3.7573368549346924,4.094302654266357,4.376976490020752,0.20939797163009644
3,baseline_constant,all,10,500,4.138919830322266,3.964953660964966,4.313545227050781,4.643445014953613,0.07416296005249023
3,baseline_constant,no_bounce,1,215,0.5189704298973083,0.49684828519821167,0.5422939658164978,0.5468830466270447,0.9497793912887573
3,baseline_constant,no_bounce,2,215,1.0345951318740845,0.9891435503959656,1.0778785943984985,1.0859109163284302,0.7910264730453491
3,baseline_constant,no_bounce,3,215,1.5579791069030762,1.484587550163269,1.6292126178741455,1.6330087184906006,0.5470281839370728
3,baseline_constant,no_bounce,4,215,2.0746963024139404,1.9883077144622803,2.1612441539764404,2.173156261444092,0.2996397614479065
3,baseline_constant,no_bounce,5,215,2.59106707572937,2.495262384414673,2.695549964904785,2.710080623626709,0.09875982999801636
3,baseline_constant,no_bounce,6,215,3.1073203086853027,2.9795987606048584,3.238344192504883,3.251582384109497,-0.04438424110412598
3,baseline_constant,no_bounce,7,215,3.624408721923828,3.4821016788482666,3.7791049480438232,3.7922189235687256,-0.1310209035873413
3,baseline_constant,no_bounce,8,215,4.135752201080322,3.9627397060394287,4.307233810424805,4.326682090759277,-0.1804121732711792
3,baseline_constant,no_bounce,9,215,4.655912399291992,4.464070796966553,4.857347011566162,4.868477821350098,-0.20845341682434082
3,baseline_constant,no_bounce,10,215,5.1753249168396,4.975566864013672,5.397512912750244,5.411692142486572,-0.2221384048461914
3,baseline_constant,bounce,1,285,0.6272237300872803,0.6030815839767456,0.6489006876945496,0.6593093872070312,0.983111560344696
3,baseline_constant,bounce,2,285,1.1974581480026245,1.1488919258117676,1.246129035949707,1.2722934484481812,0.9449706673622131
3,baseline_constant,bounce,3,285,1.7035964727401733,1.622456431388855,1.7819604873657227,1.8333361148834229,0.8949829339981079
3,baseline_constant,bounce,4,285,2.1428213119506836,2.016260862350464,2.2595934867858887,2.3541903495788574,0.8359142541885376
3,baseline_constant,bounce,5,285,2.535187244415283,2.3791661262512207,2.689141273498535,2.8293232917785645,0.7695278525352478
3,baseline_constant,bounce,6,285,2.8962714672088623,2.718372344970703,3.066047430038452,3.2685437202453613,0.6948070526123047
3,baseline_constant,bounce,7,285,3.155010938644409,2.9515793323516846,3.3377246856689453,3.6070573329925537,0.6161587238311768
3,baseline_constant,bounce,8,285,3.3188066482543945,3.1051740646362305,3.5539281368255615,3.845994472503662,0.5306565761566162
3,baseline_constant,bounce,9,285,3.38267183303833,3.140298366546631,3.6074070930480957,3.966092109680176,0.43240034580230713
3,baseline_constant,bounce,10,285,3.3570711612701416,3.1179487705230713,3.599292039871216,3.966620922088623,0.3090883493423462
3,baseline_linear,all,1,500,0.13569912541948725,0.11034209834078502,0.1610318549851072,0.31176553590690703,0.9943608543624284
3,baseline_linear,all,2,500,0.3186657081800513,0.26444301748942234,0.37525024351658065,0.7289454847084686,0.9723198235858119
3,baseline_linear,all,3,500,0.5654581949246995,0.4707765691774903,0.6649252536184607,1.2263765975941165,0.9276072800466141
3,baseline_linear,all,4,500,0.8711969933460932,0.7379077040318807,1.0230742677396336,1.787537868591274,0.85575961677586
3,baseline_linear,all,5,500,1.2443569908093195,1.066807728947344,1.418732315509842,2.4098255124914907,0.7507853994859868
3,baseline_linear,all,6,500,1.6782499700883635,1.4456919791238907,1.8968534002587403,3.0874960627705774,0.6078115498545592
3,baseline_linear,all,7,500,2.1895937186008085,1.9285941578124475,2.4656840490308385,3.811555065872149,0.41393621909067424
3,baseline_linear,all,8,500,2.7867704104090807,2.497770659601505,3.1080644215158393,4.590319635929581,0.14981946182270012
3,baseline_linear,all,9,500,3.4701326784223783,3.0983094108105,3.859888687033643,5.421545109749605,-0.21298539574307673
3,baseline_linear,all,10,500,4.220444862579698,3.8005432759979567,4.658964369759171,6.2999200912974604,-0.7042135131017011
3,baseline_linear,no_bounce,1,215,0.1664947259164047,0.12300227253865667,0.21432928687088776,0.3961534134629427,0.9736476238766142
3,baseline_linear,no_bounce,2,215,0.3023540656959508,0.2101370556324688,0.4076970217865891,0.7824872299916382,0.8914930864257717
3,baseline_linear,no_bounce,3,215,0.4339401459397185,0.29053619095208233,0.583164074163624,1.1753397162602957,0.7653497841183634
3,baseline_linear,no_bounce,4,215,0.5620367491866873,0.38536677862799096,0.7541806744477917,1.5600012903512683,0.6390978636926244
3,baseline_linear,no_bounce,5,215,0.6942791353077303,0.46277813340935225,0.9327450260465834,1.9445223779019272,0.5360170792006991
3,baseline_linear,no_bounce,6,215,0.8204211187603082,0.5451744930118831,1.1243068131018528,2.3341856285672686,0.46180261144223644
3,baseline_linear,no_bounce,7,215,0.9534139048340622,0.6454843308336675,1.3012090338162567,2.7159213140009477,0.41987951278584834
3,baseline_linear,no_bounce,8,215,1.079508358607242,0.7155552102020011,1.4451531007982041,3.1017526701885787,0.3933501590123947
3,baseline_linear,no_bounce,9,215,1.2096514517257293,0.8079313743285575,1.6755767421435488,3.4815950015404047,0.3819834928608936
3,baseline_linear,no_bounce,10,215,1.3324656779228081,0.885100074765018,1.8699650894609539,3.863497664950086,0.3771039722517413
3,baseline_linear,bounce,1,285,0.11246735662356705,0.08956849132044131,0.13806014582637305,0.2283219209724533,0.9979746236670054
3,baseline_linear,bounce,2,285,0.3309709823347236,0.26051179169475003,0.4004140414075472,0.6857937208195781,0.9840115426011738
3,baseline_linear,bounce,3,285,0.6646735652116149,0.554150787883095,0.7855496982341965,1.2635146443658891,0.9501188602171938
3,baseline_linear,bounce,4,285,1.104423142448803,0.9206634636928548,1.2926000237071238,1.941622535683348,0.8883863333252432
3,baseline_linear,bounce,5,285,1.6593280046087642,1.423804345278002,1.9017239093445057,2.708452355078252,0.7887991096232779
3,baseline_linear,bounce,6,285,2.325384015827072,2.0273545568916136,2.642162616095907,3.551577421155116,0.6396632855029909
3,baseline_linear,bounce,7,285,3.1221504202143193,2.7607860099851296,3.479412812987223,4.463531315615247,0.41223631909043557
3,baseline_linear,bounce,8,285,4.074704940715731,3.642451346067997,4.516203206952655,5.450585099830419,0.05732988615356438
3,baseline_linear,bounce,9,285,5.175407989790026,4.727487327008642,5.63075376842171,6.513266456565598,-0.5307849583593558
3,baseline_linear,bounce,10,285,6.399095826443667,5.925397476483419,6.891273934470155,7.639985883114917,-1.5631038898235605
4,A_recon_task,all,1,500,0.5197331309318542,0.4846312403678894,0.5582302212715149,0.6543681621551514,0.9748958945274353
4,A_recon_task,all,2,500,0.5231696963310242,0.4883018434047699,0.5584982633590698,0.6558067798614502,0.977674663066864
4,A_recon_task,all,3,500,0.5419436097145081,0.5058098435401917,0.5775620937347412,0.6837320327758789,0.9776155352592468
4,A_recon_task,all,4,500,0.5789885520935059,0.5416494011878967,0.617326021194458,0.7304416298866272,0.9755533933639526
4,A_recon_task,all,5,500,0.6374087333679199,0.5963947176933289,0.6802695989608765,0.8009248971939087,0.9718283414840698
4,A_recon_task,all,6,500,0.6941155791282654,0.6494056582450867,0.7400233149528503,0.8623130917549133,0.9685689806938171
4,A_recon_task,all,7,500,0.7346318364143372,0.6876235008239746,0.7833636999130249,0.9183244109153748,0.9651215076446533
4,A_recon_task,all,8,500,0.7853226065635681,0.7337377667427063,0.8401368856430054,0.9870028495788574,0.9596555233001709
4,A_recon_task,all,9,500,0.8739063739776611,0.8164077401161194,0.9315680265426636,1.0784053802490234,0.9508804082870483
4,A_recon_task,all,10,500,0.9674461483955383,0.9096022844314575,1.0329285860061646,1.1868059635162354,0.9384454488754272
4,A_recon_task,no_bounce,1,217,0.5809696912765503,0.528871476650238,0.6310796737670898,0.7038346529006958,0.9175949692726135
4,A_recon_task,no_bounce,2,217,0.5845404863357544,0.5328824520111084,0.6369051933288574,0.7075879573822021,0.9075437784194946
4,A_recon_task,no_bounce,3,217,0.6144973039627075,0.5580766797065735,0.6688231825828552,0.7426393628120422,0.8981745839118958
4,A_recon_task,no_bounce,4,217,0.6297652721405029,0.5688813328742981,0.6898207068443298,0.7691175937652588,0.9023675918579102
4,A_recon_task,no_bounce,5,217,0.6590690016746521,0.5971376895904541,0.7241564989089966,0.8060044050216675,0.9113091826438904
4,A_recon_task,no_bounce,6,217,0.683078944683075,0.6163099408149719,0.7455849051475525,0.8414826989173889,0.9230804443359375
4,A_recon_task,no_bounce,7,217,0.7003365159034729,0.6315562725067139,0.7747592329978943,0.8784090280532837,0.9338343739509583
4,A_recon_task,no_bounce,8,217,0.7249162197113037,0.6475282907485962,0.80349200963974,0.9283022880554199,0.9415726661682129
4,A_recon_task,no_bounce,9,217,0.801670491695404,0.7243396639823914,0.8854472637176514,1.0089349746704102,0.9448813796043396
4,A_recon_task,no_bounce,10,217,0.9281286001205444,0.8450499176979065,1.014840006828308,1.1333181858062744,0.9437308311462402
4,A_recon_task,bounce,1,283,0.4727779030799866,0.43147706985473633,0.5172401666641235,0.613743245601654,0.9852248430252075
4,A_recon_task,bounce,2,283,0.4761115312576294,0.4333372712135315,0.5197091698646545,0.6131468415260315,0.9874024391174316
4,A_recon_task,bounce,3,283,0.4863104820251465,0.4403315484523773,0.5362263917922974,0.6348711848258972,0.9876740574836731
4,A_recon_task,bounce,4,283,0.5400537848472595,0.4894035756587982,0.5940313339233398,0.6993381381034851,0.9855602979660034
4,A_recon_task,bounce,5,283,0.6208000183105469,0.5623934864997864,0.6761971712112427,0.7970080375671387,0.9816268682479858
4,A_recon_task,bounce,6,283,0.7025783658027649,0.6419347524642944,0.7639791965484619,0.87795090675354,0.9777881503105164
4,A_recon_task,bounce,7,283,0.7609289884567261,0.6970794200897217,0.8207709193229675,0.9477927684783936,0.9733737111091614
4,A_recon_task,bounce,8,283,0.8316413164138794,0.7671045064926147,0.908252477645874,1.0297493934631348,0.9661377668380737
4,A_recon_task,bounce,9,283,0.9292957186698914,0.8523295521736145,1.0014638900756836,1.128781795501709,0.9539027214050293
4,A_recon_task,bounce,10,283,0.9975941777229309,0.9176278710365295,1.0851637125015259,1.2262402772903442,0.9343464970588684
4,B_task_only,all,1,500,0.4874527156352997,0.4534098207950592,0.5231699347496033,0.6213750839233398,0.9773635864257812
4,B_task_only,all,2,500,0.5643951892852783,0.531907856464386,0.5996146202087402,0.6915256977081299,0.9751765131950378
4,B_task_only,all,3,500,0.5513622164726257,0.5165570974349976,0.5876197814941406,0.6778144836425781,0.9780013561248779
4,B_task_only,all,4,500,0.5537193417549133,0.5183323621749878,0.59039705991745,0.6970629692077637,0.9777365922927856
4,B_task_only,all,5,500,0.6126244068145752,0.5728047490119934,0.6525301337242126,0.7725884914398193,0.973786473274231
4,B_task_only,all,6,500,0.6914520859718323,0.6462856531143188,0.7354916930198669,0.8600799441337585,0.9687315225601196
4,B_task_only,all,7,500,0.7479016780853271,0.7008594870567322,0.7941284775733948,0.9305909872055054,0.964183509349823
4,B_task_only,all,8,500,0.7986882328987122,0.7493948936462402,0.8538983464241028,0.9836138486862183,0.9599320888519287
4,B_task_only,all,9,500,0.856175422668457,0.8019236922264099,0.908284604549408,1.0543667078018188,0.9530458450317383
4,B_task_only,all,10,500,0.9412651658058167,0.8845713138580322,1.0037472248077393,1.1567916870117188,0.941519558429718
4,B_task_only,no_bounce,1,217,0.5804506540298462,0.5314334034919739,0.6339883208274841,0.6963620781898499,0.9193354845046997
4,B_task_only,no_bounce,2,217,0.6700295805931091,0.6186389327049255,0.7172526121139526,0.7707443237304688,0.8903026580810547
4,B_task_only,no_bounce,3,217,0.5735040307044983,0.5265132188796997,0.6265860199928284,0.6848031282424927,0.9134171605110168
4,B_task_only,no_bounce,4,217,0.5089695453643799,0.4597764313220978,0.5643629431724548,0.6382477879524231,0.9327662587165833
4,B_task_only,no_bounce,5,217,0.5128896832466125,0.46316102147102356,0.5722652673721313,0.6532506942749023,0.9417409300804138
4,B_task_only,no_bounce,6,217,0.5450011491775513,0.49008360505104065,0.6040007472038269,0.697625994682312,0.9471321702003479
4,B_task_only,no_bounce,7,217,0.5881093144416809,0.5281881093978882,0.6468562483787537,0.74830561876297,0.9519827961921692
4,B_task_only,no_bounce,8,217,0.6354181170463562,0.5709252953529358,0.703747570514679,0.8041926622390747,0.9561512470245361
4,B_task_only,no_bounce,9,217,0.7105122208595276,0.6450852155685425,0.7836838960647583,0.8927129507064819,0.9568485021591187
4,B_task_only,no_bounce,10,217,0.8441780805587769,0.7627280950546265,0.928040623664856,1.0372859239578247,0.9528627991676331
4,B_task_only,bounce,1,283,0.41614335775375366,0.37446653842926025,0.4593549072742462,0.5570804476737976,0.9878271222114563
4,B_task_only,bounce,2,283,0.4833963215351105,0.4376015067100525,0.5284913778305054,0.6240065097808838,0.9869523048400879
4,B_task_only,bounce,3,283,0.5343842506408691,0.4902924597263336,0.5832799673080444,0.6724065542221069,0.9861735105514526
4,B_task_only,bounce,4,283,0.5880327820777893,0.5357344746589661,0.6408414840698242,0.7389975786209106,0.98387610912323
4,B_task_only,bounce,5,283,0.6890994310379028,0.6351213455200195,0.7487293481826782,0.8528578877449036,0.978961706161499
4,B_task_only,bounce,6,283,0.8037483096122742,0.7439745664596558,0.8682940602302551,0.9663211107254028,0.9730916023254395
4,B_task_only,bounce,7,283,0.8704279661178589,0.8015708327293396,0.9359911680221558,1.0491257905960083,0.9673758745193481
4,B_task_only,bounce,8,283,0.9238811731338501,0.8562815189361572,0.9958086609840393,1.101570725440979,0.9612495303153992
4,B_task_only,bounce,9,283,0.9678676724433899,0.8927570581436157,1.0400563478469849,1.1632012128829956,0.9510486125946045
4,B_task_only,bounce,10,283,1.0157099962234497,0.9280276894569397,1.0978901386260986,1.24065363407135,0.9327939748764038
4,baseline_constant,all,1,500,0.5950862765312195,0.577042281627655,0.6111420392990112,0.6258648633956909,0.9770352840423584
4,baseline_constant,all,2,500,1.1521408557891846,1.1163171529769897,1.185856819152832,1.219801664352417,0.9227630496025085
4,baseline_constant,all,3,500,1.648752212524414,1.5960032939910889,1.7039718627929688,1.7634656429290771,0.8510951995849609
4,baseline_constant,all,4,500,2.0858967304229736,2.009075164794922,2.1608152389526367,2.2591066360473633,0.7661590576171875
4,baseline_constant,all,5,500,2.5098507404327393,2.4045944213867188,2.605602264404297,2.7581746578216553,0.6659027934074402
4,baseline_constant,all,6,500,2.9405596256256104,2.8080618381500244,3.0539028644561768,3.2505500316619873,0.5533756017684937
4,baseline_constant,all,7,500,3.3379247188568115,3.200432062149048,3.4697558879852295,3.6935229301452637,0.4357815384864807
4,baseline_constant,all,8,500,3.6876065731048584,3.525599718093872,3.8489151000976562,4.074012756347656,0.31262731552124023
4,baseline_constant,all,9,500,3.9751040935516357,3.805804491043091,4.15095853805542,4.409788608551025,0.17865407466888428
4,baseline_constant,all,10,500,4.215418815612793,4.021531105041504,4.406109809875488,4.708072662353516,0.03130549192428589
4,baseline_constant,no_bounce,1,217,0.5234870314598083,0.5017641186714172,0.5460512638092041,0.5492562651634216,0.9498163461685181
4,baseline_constant,no_bounce,2,217,1.049546718597412,1.0052928924560547,1.0936611890792847,1.1002273559570312,0.7764676809310913
4,baseline_constant,no_bounce,3,217,1.5737844705581665,1.508665919303894,1.6429005861282349,1.6481595039367676,0.4984678030014038
4,baseline_constant,no_bounce,4,217,2.1090199947357178,2.029338836669922,2.1940407752990723,2.2060513496398926,0.19677013158798218
4,baseline_constant,no_bounce,5,217,2.639068365097046,2.5319511890411377,2.746781349182129,2.7611966133117676,-0.04087495803833008
4,baseline_constant,no_bounce,6,217,3.1780037879943848,3.0595407485961914,3.295847177505493,3.3219635486602783,-0.1987706422805786
4,baseline_constant,no_bounce,7,217,3.705655097961426,3.561753988265991,3.8500657081604004,3.872981071472168,-0.2862621545791626
4,baseline_constant,no_bounce,8,217,4.236513614654541,4.083451747894287,4.409971237182617,4.426996231079102,-0.3287872076034546
4,baseline_constant,no_bounce,9,217,4.769351959228516,4.585737705230713,4.957401275634766,4.982390403747559,-0.34414994716644287
4,baseline_constant,no_bounce,10,217,5.305676460266113,5.1005706787109375,5.519710540771484,5.544166564941406,-0.34660160541534424
4,baseline_constant,bounce,1,283,0.6499874591827393,0.6270080804824829,0.67304527759552,0.678775429725647,0.9819278120994568
4,baseline_constant,bounce,2,283,1.2308083772659302,1.1811059713363647,1.2801024913787842,1.3040834665298462,0.9430141448974609
4,baseline_constant,bounce,3,283,1.706236481666565,1.621401071548462,1.7867352962493896,1.8470109701156616,0.8956753611564636
4,baseline_constant,bounce,4,283,2.0681660175323486,1.961075782775879,2.1882786750793457,2.2989590167999268,0.8439559936523438
4,baseline_constant,bounce,5,283,2.41076922416687,2.2570834159851074,2.554837703704834,2.755855083465576,0.7803303003311157
4,baseline_constant,bounce,6,283,2.758491039276123,2.569267511367798,2.9503891468048096,3.1947102546691895,0.7058916091918945
4,baseline_constant,bounce,7,283,3.055954694747925,2.8516411781311035,3.249413013458252,3.549776792526245,0.6265039443969727
4,baseline_constant,bounce,8,283,3.2667133808135986,3.045428991317749,3.4866695404052734,3.7810943126678467,0.543451189994812
4,baseline_constant,bounce,9,283,3.3660874366760254,3.156135320663452,3.6056036949157715,3.9143948554992676,0.44564926624298096
4,baseline_constant,bounce,10,283,3.379426956176758,3.1563949584960938,3.61208176612854,3.9488227367401123,0.319164514541626
4,baseline_linear,all,1,500,0.12592624528566376,0.10527803121507168,0.14610887994384394,0.28862812875056953,0.9951159764716441
4,baseline_linear,all,2,500,0.2804502467333805,0.23312912198348204,0.3371182273796294,0.6600202955524973,0.9773868430010065
4,baseline_linear,all,3,500,0.5180117924662773,0.4327980368630088,0.6017950143209019,1.1337281233014944,0.9384550276341097
4,baseline_linear,all,4,500,0.8500381125044078,0.7207116503301076,0.9686331745802891,1.7042231732513162,0.8669238845938577
4,baseline_linear,all,5,500,1.2375703204027377,1.0756629538340494,1.4290432151402346,2.3504287798829453,0.7573817233580955
4,baseline_linear,all,6,500,1.6786938976653618,1.4527643786788684,1.9180633793211601,3.0545613845670054,0.6056095163866058
4,baseline_linear,all,7,500,2.1859230903099522,1.9265725498408284,2.4532690263858097,3.7972870217542094,0.4036344674807941
4,baseline_linear,all,8,500,2.7814361947233555,2.4634153789857955,3.1016171090816496,4.588012806482753,0.12824032596116242
4,baseline_linear,all,9,500,3.458237489273306,3.1013141445392978,3.8301249995674005,5.434535767605165,-0.247427824733083
4,baseline_linear,all,10,500,4.2156804091483355,3.8203592923560064,4.647630889585241,6.330836898734588,-0.751550917203867
4,baseline_linear,no_bounce,1,217,0.161123755924438,0.12033885722005663,0.20746063391038558,0.37866026169279093,0.9761487179603318
4,baseline_linear,no_bounce,2,217,0.29176987402896454,0.20529190938992745,0.3894516097034074,0.7492878839057283,0.8963253146569581
4,baseline_linear,no_bounce,3,217,0.4258825556988815,0.29786677875508843,0.5809760055470404,1.125853220581137,0.7659741443010714
4,baseline_linear,no_bounce,4,217,0.5524551049132364,0.384316268691381,0.7447081074850368,1.4966683047467464,0.6302912963326233
4,baseline_linear,no_bounce,5,217,0.6780741030719423,0.4647330824298621,0.9051938444603458,1.866389316144914,0.5244366634862643
4,baseline_linear,no_bounce,6,217,0.7961389520699116,0.5353390138074842,1.0788936236334647,2.246562261691967,0.4517441100210764
4,baseline_linear,no_bounce,7,217,0.9261652749151953,0.6200000233883853,1.2680238445830199,2.6229191303339654,0.41005912138551537
4,baseline_linear,no_bounce,8,217,1.0498148162982293,0.7274059146601913,1.4608832176437834,2.9921267115102186,0.3929882185264173
4,baseline_linear,no_bounce,9,217,1.1841794681490703,0.7980512908331552,1.6272314306142552,3.3705662002072563,0.38485447031726583
4,baseline_linear,no_bounce,10,217,1.3211617840310206,0.8752087475801711,1.7655458536655169,3.760448509453246,0.3804934778504271
4,baseline_linear,bounce,1,283,0.09893734136829975,0.08227074684681332,0.11863112890101103,0.19297611948441779,0.9985392862918178
4,baseline_linear,bounce,2,283,0.27177053251733196,0.2132853064302465,0.33851017794207144,0.5823753571328638,0.9886351819148536
4,baseline_linear,bounce,3,283,0.5886550588214888,0.473016412581357,0.7030028552721422,1.1397296202529712,0.9602761213617158
4,baseline_linear,bounce,4,283,1.0782201359930446,0.9015120300048857,1.2517062946362172,1.847646614093195,0.8992088606005696
4,baseline_linear,bounce,5,283,1.666583320970874,1.4494117248970801,1.9034655801436653,2.6626310445143666,0.7949407468159828
4,baseline_linear,bounce,6,283,2.355423308245619,2.0422842848768887,2.688853168767547,3.5517200894200944,0.6364853629802995
4,baseline_linear,bounce,7,283,3.1518857968140592,2.796105660638391,3.5211029276927968,4.494519013459391,0.4012433936300416
4,baseline_linear,bounce,8,283,4.10921654496453,3.692349817945205,4.567456658196437,5.506875986599924,0.03158227135294711
4,baseline_linear,bounce,9,283,5.201949823492243,4.728235414640319,5.694930128434483,6.593125776012412,-0.5726718838888483
4,baseline_linear,bounce,10,283,6.435152287771859,5.94758755436711,6.9405086493817265,7.743949371757145,-1.6183754066400802
