model,epoch,task_mse,recon_mse,seed
A_recon_task,1,0.22350613866001368,0.09770180890336633,0
A_recon_task,2,0.1017261822707951,0.08369252365082502,0
A_recon_task,3,0.06822981592267752,0.07279536058194935,0
A_recon_task,4,0.05638177040964365,0.046453590504825115,0
A_recon_task,5,0.04681612574495375,0.02705992676783353,0
A_recon_task,6,0.03776285354979336,0.019302391621749848,0
A_recon_task,7,0.03067670203745365,0.01473077479749918,0
A_recon_task,8,0.02653161925263703,0.01314608781831339,0
A_recon_task,9,0.022184254368767142,0.012269483238924295,0
A_recon_task,10,0.018837324634660035,0.01149434392573312,0
A_recon_task,11,0.015989045321475714,0.010557079978752881,0
A_recon_task,12,0.01420822727959603,0.00913357170065865,0
A_recon_task,13,0.01341079146368429,0.007729044125881046,0
A_recon_task,14,0.012847525358665735,0.006816047098254785,0
A_recon_task,15,0.012694351433310658,0.006423671555239707,0
A_recon_task,16,0.012262110423762351,0.006377127137966454,0
A_recon_task,17,0.011517783044837415,0.006099122460000217,0
A_recon_task,18,0.011141820694319904,0.005862866382813081,0
A_recon_task,19,0.010783854057081044,0.005647881043842062,0
A_recon_task,20,0.01059004815761,0.00545312202302739,0
A_recon_task,21,0.01010471221525222,0.00524371350184083,0
A_recon_task,22,0.010400162194855511,0.0052748050657100976,0
A_recon_task,23,0.009766264556674287,0.005032255605328828,0
A_recon_task,24,0.009369634557515383,0.0048990698996931314,0
A_recon_task,25,0.00905284591135569,0.004788158577866852,0
A_recon_task,26,0.009573778545018286,0.004840220120968297,0
A_recon_task,27,0.009599086450180039,0.0048077872779686,0
A_recon_task,28,0.008392615796765313,0.004668610170483589,0
A_recon_task,29,0.008299788692966104,0.004650955670513213,0
A_recon_task,30,0.008043864014325663,0.004550187528366223,0
A_recon_task,31,0.007842954859370366,0.004587312636431307,0
A_recon_task,32,0.007515300821978599,0.004616745165549219,0
A_recon_task,33,0.007483734952984378,0.004609976313076913,0
A_recon_task,34,0.007358832663157955,0.0044510211737360805,0
A_recon_task,35,0.00743341410998255,0.004514585045399144,0
A_recon_task,36,0.007099416427081451,0.0045570975344162434,0
A_recon_task,37,0.006975570606300607,0.004520016635069624,0
A_recon_task,38,0.007630441541550681,0.004910852730972692,0
A_recon_task,39,0.007472563796909526,0.004659926489694044,0
A_recon_task,40,0.006835474428953603,0.004548450437141582,0
A_recon_task,41,0.006380969891324639,0.00443838830688037,0
A_recon_task,42,0.0063586093310732394,0.004417218442540616,0
A_recon_task,43,0.005986441654385999,0.004304855392547324,0
A_recon_task,44,0.00577106440323405,0.00425705048837699,0
A_recon_task,45,0.005848894274095073,0.004273630533134565,0
A_recon_task,46,0.005631632695440203,0.004247122706146911,0
A_recon_task,47,0.005513577896635979,0.004288719443138689,0
A_recon_task,48,0.005146269628312439,0.004166111990343779,0
A_recon_task,49,0.005035040026996285,0.004054216435179114,0
A_recon_task,50,0.005017614865209907,0.004144047270528972,0
A_recon_task,51,0.004921160521917045,0.0042915008089039475,0
A_recon_task,52,0.004930611641611904,0.004198851092951372,0
A_recon_task,53,0.004680176149122417,0.004175681504420936,0
A_recon_task,54,0.004810389276826754,0.004109288493054919,0
A_recon_task,55,0.004732401488581672,0.0040476266731275246,0
A_recon_task,56,0.00438655041216407,0.003969054945628159,0
A_recon_task,57,0.00444216508185491,0.003987483112723567,0
A_recon_task,58,0.0044268298806855455,0.004116376716410741,0
A_recon_task,59,0.004134717310080305,0.003891618500347249,0
A_recon_task,60,0.004018155043013394,0.0038480814546346664,0
A_recon_task,61,0.0038065712724346668,0.00376070685160812,0
A_recon_task,62,0.003947798642911948,0.0039353496104013175,0
A_recon_task,63,0.0037035621207905933,0.0038441052165580913,0
A_recon_task,64,0.003656475353636779,0.003769088754779659,0
A_recon_task,65,0.0034771999780787155,0.003698073560371995,0
A_recon_task,66,0.003463728484348394,0.003763811182579957,0
A_recon_task,67,0.00347559129295405,0.003690209792694077,0
A_recon_task,68,0.004061427869601175,0.003939339119824581,0
A_recon_task,69,0.003390115642105229,0.0038443113153334707,0
A_recon_task,70,0.00332534454355482,0.0037201450031716377,0
A_recon_task,71,0.0032667213527020067,0.003692342186695896,0
A_recon_task,72,0.003066046192543581,0.0036561576125677675,0
A_recon_task,73,0.00293210860399995,0.00362533240695484,0
A_recon_task,74,0.003000744996825233,0.0037287245941115543,0
A_recon_task,75,0.0030702398653374985,0.0036238254833733663,0
A_recon_task,76,0.0029337263404158875,0.0035831521527143195,0
A_recon_task,77,0.0026522317057242617,0.003569099455489777,0
A_recon_task,78,0.0025857460568659008,0.0035521256213542074,0
A_recon_task,79,0.002586696748039685,0.0035839253396261483,0
A_recon_task,80,0.0024573255359428003,0.0034915771830128506,0
B_task_only,1,0.22384385857731104,0.0,0
B_task_only,2,0.10606218781322241,0.0,0
B_task_only,3,0.09776957659050822,0.0,0
B_task_only,4,0.07966385036706924,0.0,0
B_task_only,5,0.048777567222714424,0.0,0
B_task_only,6,0.03816378931514919,0.0,0
B_task_only,7,0.03197512635961175,0.0,0
B_task_only,8,0.028781261295080185,0.0,0
B_task_only,9,0.022228657850064337,0.0,0
B_task_only,10,0.017797627195250243,0.0,0
B_task_only,11,0.014752312796190381,0.0,0
B_task_only,12,0.013693807064555585,0.0,0
B_task_only,13,0.01266049180412665,0.0,0
B_task_only,14,0.012657940213102847,0.0,0
B_task_only,15,0.012585869175381958,0.0,0
B_task_only,16,0.012142980878707021,0.0,0
B_task_only,17,0.012242570461239666,0.0,0
B_task_only,18,0.010931331606116146,0.0,0
B_task_only,19,0.01041237887693569,0.0,0
B_task_only,20,0.010985591216012836,0.0,0
B_task_only,21,0.010423114756122231,0.0,0
B_task_only,22,0.010924757225438952,0.0,0
B_task_only,23,0.009915489063132554,0.0,0
B_task_only,24,0.009574041643645614,0.0,0
B_task_only,25,0.00944717982201837,0.0,0
B_task_only,26,0.011387511913198978,0.0,0
B_task_only,27,0.010938922932837158,0.0,0
B_task_only,28,0.009527554968371987,0.0,0
B_task_only,29,0.00886948691913858,0.0,0
B_task_only,30,0.008611579425632954,0.0,0
B_task_only,31,0.008565518801333383,0.0,0
B_task_only,32,0.008393046126002446,0.0,0
B_task_only,33,0.00854808633448556,0.0,0
B_task_only,34,0.008262448944151402,0.0,0
B_task_only,35,0.008323148475028574,0.0,0
B_task_only,36,0.008155455958331004,0.0,0
B_task_only,37,0.008478668954921886,0.0,0
B_task_only,38,0.008343663939740509,0.0,0
B_task_only,39,0.007896921189967543,0.0,0
B_task_only,40,0.007463166257366538,0.0,0
B_task_only,41,0.007313638867344707,0.0,0
B_task_only,42,0.007713546423474327,0.0,0
B_task_only,43,0.007407140656141564,0.0,0
B_task_only,44,0.006888202391564846,0.0,0
B_task_only,45,0.006792735424824059,0.0,0
B_task_only,46,0.006647642818279564,0.0,0
B_task_only,47,0.0067467750632204115,0.0,0
B_task_only,48,0.006553160608746111,0.0,0
B_task_only,49,0.006846434494946152,0.0,0
B_task_only,50,0.007177410705480725,0.0,0
B_task_only,51,0.0070070401998236775,0.0,0
B_task_only,52,0.006880743836518377,0.0,0
B_task_only,53,0.006178557960083708,0.0,0
B_task_only,54,0.005886554659809917,0.0,0
B_task_only,55,0.005952556122792885,0.0,0
B_task_only,56,0.006059998355340213,0.0,0
B_task_only,57,0.006247497716685757,0.0,0
B_task_only,58,0.00640814661164768,0.0,0
B_task_only,59,0.005667019780958071,0.0,0
B_task_only,60,0.0053648947505280375,0.0,0
B_task_only,61,0.005189893417991698,0.0,0
B_task_only,62,0.005045642814366147,0.0,0
B_task_only,63,0.005445520539069548,0.0,0
B_task_only,64,0.005261551996227354,0.0,0
B_task_only,65,0.005037523806095123,0.0,0
B_task_only,66,0.005351645639166236,0.0,0
B_task_only,67,0.00481889009824954,0.0,0
B_task_only,68,0.005208181159105152,0.0,0
B_task_only,69,0.0048153967945836484,0.0,0
B_task_only,70,0.004669314832426608,0.0,0
B_task_only,71,0.004621491098077968,0.0,0
B_task_only,72,0.0044581090623978525,0.0,0
B_task_only,73,0.004823001960176043,0.0,0
B_task_only,74,0.004264204369974323,0.0,0
B_task_only,75,0.004567434749333188,0.0,0
B_task_only,76,0.004758945782668889,0.0,0
B_task_only,77,0.00456708698766306,0.0,0
B_task_only,78,0.00419314693135675,0.0,0
B_task_only,79,0.003939444926800206,0.0,0
B_task_only,80,0.0040181482618208975,0.0,0
A_recon_task,1,0.15756516577675939,0.09417357668280602,1
A_recon_task,2,0.08110737428069115,0.08380979625508189,1
A_recon_task,3,0.057112208334729075,0.07147020450793207,1
A_recon_task,4,0.04676301823928952,0.042247089091688395,1
A_recon_task,5,0.04041057522408664,0.019796903885435313,1
A_recon_task,6,0.0346837961114943,0.013950196502264589,1
A_recon_task,7,0.030080574215389788,0.011918457748834044,1
A_recon_task,8,0.02518565021455288,0.0103484169812873,1
A_recon_task,9,0.019604055443778634,0.008619166212156415,1
A_recon_task,10,0.015831911412533373,0.007419728848617524,1
A_recon_task,11,0.014828489569481462,0.006932741234777495,1
A_recon_task,12,0.013763529306743294,0.006404373387340456,1
A_recon_task,13,0.012834278284572065,0.006033467099769041,1
A_recon_task,14,0.01284213294275105,0.0059769341023638844,1
A_recon_task,15,0.01239112508483231,0.005934692133450881,1
A_recon_task,16,0.011961982236243784,0.005685949698090553,1
A_recon_task,17,0.011798253748565912,0.005482176464283839,1
A_recon_task,18,0.01138043898390606,0.005319960240740329,1
A_recon_task,19,0.011153601051773876,0.005156608298420906,1
A_recon_task,20,0.011202259513083845,0.005003019090509042,1
A_recon_task,21,0.010798243980389088,0.004917576035950333,1
A_recon_task,22,0.010764378472231328,0.00489059736719355,1
A_recon_task,23,0.010447648703120649,0.00478369853226468,1
A_recon_task,24,0.010518322407733649,0.004806170065421611,1
A_recon_task,25,0.00977380305994302,0.004535382555332035,1
A_recon_task,26,0.009702571376692504,0.004596672253683209,1
A_recon_task,27,0.010356211452744901,0.004915729514323175,1
A_recon_task,28,0.009172760299406946,0.0044971315655857325,1
A_recon_task,29,0.008741386875044554,0.00446657813154161,1
A_recon_task,30,0.008434429648332298,0.004312538891099393,1
A_recon_task,31,0.008158375771017745,0.004210671701002866,1
A_recon_task,32,0.007770086085656658,0.004173599125351757,1
A_recon_task,33,0.007666663033887744,0.004235070664435625,1
A_recon_task,34,0.007527877285610884,0.004371481103589758,1
A_recon_task,35,0.007139868423109874,0.004211635270621628,1
A_recon_task,36,0.006890653457958251,0.0042240820184815675,1
A_recon_task,37,0.007074470719089732,0.004113777744350955,1
A_recon_task,38,0.006421069090720266,0.004013330166344531,1
A_recon_task,39,0.0062383673212025315,0.0040078395686578006,1
A_recon_task,40,0.006018603249685839,0.003950439422624186,1
A_recon_task,41,0.005809651775052771,0.00400364538654685,1
A_recon_task,42,0.005796851037302986,0.0038648166082566604,1
A_recon_task,43,0.005571356479777023,0.0038765087811043486,1
A_recon_task,44,0.005530169029952958,0.0038484586402773857,1
A_recon_task,45,0.005293975002132356,0.0038347702502505854,1
A_recon_task,46,0.00508870164048858,0.003833477006992325,1
A_recon_task,47,0.004936053097480908,0.0038269698852673173,1
A_recon_task,48,0.004894732555840164,0.0038772933330619708,1
A_recon_task,49,0.004739240757771768,0.003800135134952143,1
A_recon_task,50,0.004569910146528855,0.0037959398032398894,1
A_recon_task,51,0.004570456134388223,0.0037268167943693697,1
A_recon_task,52,0.004475923007703386,0.0037526291562244296,1
A_recon_task,53,0.004203147516818717,0.0036945903848391026,1
A_recon_task,54,0.004045400535687804,0.003667085009510629,1
A_recon_task,55,0.0039328706479864195,0.0036560933076543733,1
A_recon_task,56,0.00384478377236519,0.0036127365747233853,1
A_recon_task,57,0.0037595672183670104,0.0035804057552013546,1
A_recon_task,58,0.003565432838513516,0.0036686516541521996,1
A_recon_task,59,0.00341910459974315,0.0035505671257851645,1
A_recon_task,60,0.0036015750229125842,0.0036701132194139063,1
A_recon_task,61,0.0035223791492171586,0.0036749262508237734,1
A_recon_task,62,0.003211658666259609,0.003574392685550265,1
A_recon_task,63,0.0032039002544479445,0.0035665877512656152,1
A_recon_task,64,0.0031555435998598114,0.003571201566956006,1
A_recon_task,65,0.0030262835207395256,0.0036865121364826337,1
A_recon_task,66,0.002793299499899149,0.0035626558383228257,1
A_recon_task,67,0.0027422551065683365,0.0035041380615439266,1
A_recon_task,68,0.002612822747323662,0.003443795765633695,1
A_recon_task,69,0.002510915364837274,0.003482994987280108,1
A_recon_task,70,0.002374179079197347,0.003458083447185345,1
A_recon_task,71,0.002497610286809504,0.003444893445703201,1
A_recon_task,72,0.0025273135252064094,0.0035133379278704524,1
A_recon_task,73,0.002463383774738759,0.0034889109956566244,1
A_recon_task,74,0.002210636608651839,0.0034616522752912715,1
A_recon_task,75,0.002137419876817148,0.0034239699743920937,1
A_recon_task,76,0.002138250580173917,0.003467692105914466,1
A_recon_task,77,0.0020408621930982918,0.0034317497338633984,1
A_recon_task,78,0.0019273427460575476,0.003352915882715024,1
A_recon_task,79,0.0019275706945336424,0.0033824160491349176,1
A_recon_task,80,0.001932596518599894,0.003441960405325517,1
B_task_only,1,0.15747878793627024,0.0,1
B_task_only,2,0.10295802587643266,0.0,1
B_task_only,3,0.08975124405696988,0.0,1
B_task_only,4,0.05243122042156756,0.0,1
B_task_only,5,0.038770681247115135,0.0,1
B_task_only,6,0.034665858023799956,0.0,1
B_task_only,7,0.032869225018657744,0.0,1
B_task_only,8,0.030197165557183325,0.0,1
B_task_only,9,0.025088783586397767,0.0,1
B_task_only,10,0.019914546515792608,0.0,1
B_task_only,11,0.016787817992735654,0.0,1
B_task_only,12,0.014512846420984715,0.0,1
B_task_only,13,0.012880525377113372,0.0,1
B_task_only,14,0.01283460098784417,0.0,1
B_task_only,15,0.01265372714260593,0.0,1
B_task_only,16,0.011521030508447438,0.0,1
B_task_only,17,0.01101191813359037,0.0,1
B_task_only,18,0.010856510896701366,0.0,1
B_task_only,19,0.010592016216833144,0.0,1
B_task_only,20,0.010700713726691902,0.0,1
B_task_only,21,0.010207341285422444,0.0,1
B_task_only,22,0.010206176026258618,0.0,1
B_task_only,23,0.010137218108866364,0.0,1
B_task_only,24,0.010162710037548095,0.0,1
B_task_only,25,0.009264891123166308,0.0,1
B_task_only,26,0.010172339563723654,0.0,1
B_task_only,27,0.010369252471718937,0.0,1
B_task_only,28,0.00950637855567038,0.0,1
B_task_only,29,0.009314007824286819,0.0,1
B_task_only,30,0.008959722588770092,0.0,1
B_task_only,31,0.00846663094125688,0.0,1
B_task_only,32,0.008169506065314636,0.0,1
B_task_only,33,0.008036081941099837,0.0,1
B_task_only,34,0.007657035544980317,0.0,1
B_task_only,35,0.007660368486540392,0.0,1
B_task_only,36,0.008175129507435486,0.0,1
B_task_only,37,0.008574711246183142,0.0,1
B_task_only,38,0.007747389376163483,0.0,1
B_task_only,39,0.007693041232414544,0.0,1
B_task_only,40,0.007039005198748782,0.0,1
B_task_only,41,0.007057035778416321,0.0,1
B_task_only,42,0.007071113825077191,0.0,1
B_task_only,43,0.0070405706646852195,0.0,1
B_task_only,44,0.007141831563785672,0.0,1
B_task_only,45,0.007150624442147091,0.0,1
B_task_only,46,0.007155606464948505,0.0,1
B_task_only,47,0.006372922740411013,0.0,1
B_task_only,48,0.006185616657603532,0.0,1
B_task_only,49,0.0059536321787163615,0.0,1
B_task_only,50,0.005898092465940863,0.0,1
B_task_only,51,0.005628323240671307,0.0,1
B_task_only,52,0.005642428382998332,0.0,1
B_task_only,53,0.005563330021686852,0.0,1
B_task_only,54,0.0055047615023795515,0.0,1
B_task_only,55,0.0051047227752860636,0.0,1
B_task_only,56,0.005231534451013431,0.0,1
B_task_only,57,0.005035661772126332,0.0,1
B_task_only,58,0.004711908390163444,0.0,1
B_task_only,59,0.004696748626884073,0.0,1
B_task_only,60,0.004585348011460155,0.0,1
B_task_only,61,0.004643908454454504,0.0,1
B_task_only,62,0.004076065742992796,0.0,1
B_task_only,63,0.004052170421346091,0.0,1
B_task_only,64,0.003932119463570416,0.0,1
B_task_only,65,0.004245925665600225,0.0,1
B_task_only,66,0.003971240177634172,0.0,1
B_task_only,67,0.004079763690242544,0.0,1
B_task_only,68,0.003488957736408338,0.0,1
B_task_only,69,0.003400996924028732,0.0,1
B_task_only,70,0.0036185157514410093,0.0,1
B_task_only,71,0.0042765485268319026,0.0,1
B_task_only,72,0.0036426598235266283,0.0,1
B_task_only,73,0.003287590981926769,0.0,1
B_task_only,74,0.0030061635770834982,0.0,1
B_task_only,75,0.0030050511995796114,0.0,1
B_task_only,76,0.0028556532342918217,0.0,1
B_task_only,77,0.0030384876881726086,0.0,1
B_task_only,78,0.0029654453392140567,0.0,1
B_task_only,79,0.002990970649989322,0.0,1
B_task_only,80,0.002695927323657088,0.0,1
A_recon_task,1,0.1016807178966701,0.08712885016575456,2
A_recon_task,2,0.07147855078801513,0.06451428518630564,2
A_recon_task,3,0.058457399951294065,0.03722082881722599,2
A_recon_task,4,0.04946560598909855,0.019040234619751573,2
A_recon_task,5,0.03919894993305206,0.013323290681000799,2
A_recon_task,6,0.03253957687411457,0.011525744863320142,2
A_recon_task,7,0.027241733158007264,0.010170335124712437,2
A_recon_task,8,0.021137856878340244,0.009100869239773601,2
A_recon_task,9,0.017373135138768703,0.008222578064305708,2
A_recon_task,10,0.015479069203138351,0.007617060240590945,2
A_recon_task,11,0.014950659882742912,0.007228657690575346,2
A_recon_task,12,0.014249364787247032,0.007062505144858733,2
A_recon_task,13,0.01310598140116781,0.006568986485945061,2
A_recon_task,14,0.012573155399877578,0.00640122129698284,2
A_recon_task,15,0.012248556187842041,0.006240789807634428,2
A_recon_task,16,0.01158815564122051,0.006208624225109816,2
A_recon_task,17,0.011414811131544411,0.006043612345820293,2
A_recon_task,18,0.010972351708915085,0.005885189108084887,2
A_recon_task,19,0.010883486655075103,0.005711872014217079,2
A_recon_task,20,0.010466943611390889,0.0055930595844984055,2
A_recon_task,21,0.010616672865580767,0.005566987470956519,2
A_recon_task,22,0.010187337116803974,0.005591919296421111,2
A_recon_task,23,0.009809560666326433,0.0053004717628937215,2
A_recon_task,24,0.009420084592420608,0.005099182017147541,2
A_recon_task,25,0.009092541236896068,0.004995785653591156,2
A_recon_task,26,0.00901185447582975,0.004920467996271327,2
A_recon_task,27,0.008673815173096955,0.004790632490767166,2
A_recon_task,28,0.008330005221068859,0.00470545282587409,2
A_recon_task,29,0.008475550741422921,0.004607126582413912,2
A_recon_task,30,0.008245640812674537,0.004549086967017502,2
A_recon_task,31,0.008206511731259525,0.004456232360098511,2
A_recon_task,32,0.008430664194747806,0.004507055244175717,2
A_recon_task,33,0.00796463675214909,0.004473221168154851,2
A_recon_task,34,0.007602611003676429,0.004443257057573646,2
A_recon_task,35,0.007049728301353753,0.004267777752829716,2
A_recon_task,36,0.006771380314603448,0.0041459058993496,2
A_recon_task,37,0.006880061875563115,0.004145331971812993,2
A_recon_task,38,0.007061436772346497,0.00418049082509242,2
A_recon_task,39,0.006225969758816063,0.004019789688754827,2
A_recon_task,40,0.006279079942032695,0.003962035232689232,2
A_recon_task,41,0.006051142350770533,0.003968833378166892,2
A_recon_task,42,0.005729913536924869,0.003821174774202518,2
A_recon_task,43,0.005833960458403453,0.003880723670590669,2
A_recon_task,44,0.0059527122939471155,0.0038548983284272254,2
A_recon_task,45,0.005506134039023891,0.003706896721269004,2
A_recon_task,46,0.005111301725264639,0.003729217016370967,2
A_recon_task,47,0.005110883415909484,0.0037308422615751624,2
A_recon_task,48,0.005127324955537915,0.0038125388527987525,2
A_recon_task,49,0.004621006257366389,0.003647089164587669,2
A_recon_task,50,0.0045115750981494784,0.003597761082346551,2
A_recon_task,51,0.004618645820301026,0.0035858068295056,2
A_recon_task,52,0.004424523533089086,0.003569170236005448,2
A_recon_task,53,0.004145763043197803,0.0035999706451548263,2
A_recon_task,54,0.0042364848632132635,0.0035983931447844952,2
A_recon_task,55,0.004009713724371977,0.0035207375622121617,2
A_recon_task,56,0.003891338375979103,0.0036330915318103507,2
A_recon_task,57,0.003746055139345117,0.0036742043448612094,2
A_recon_task,58,0.0037171622388996184,0.003558417927706614,2
A_recon_task,59,0.0037946569646010175,0.003508230409352109,2
A_recon_task,60,0.004395752621348947,0.003788520203670487,2
A_recon_task,61,0.0034744265576591715,0.003604246725444682,2
A_recon_task,62,0.00339870568132028,0.0035057176573900506,2
A_recon_task,63,0.0032761778275016695,0.0034919660683954135,2
A_recon_task,64,0.0029232170927571133,0.0034615532349562272,2
A_recon_task,65,0.0026870081783272326,0.0033863785647554323,2
A_recon_task,66,0.0025914656871464103,0.0033517492847749963,2
A_recon_task,67,0.0023978208118933253,0.0034172940795542672,2
A_recon_task,68,0.002359410558710806,0.0033564237819518894,2
A_recon_task,69,0.002180063835112378,0.0033009277540259063,2
A_recon_task,70,0.0023397671393468045,0.003291633358458057,2
A_recon_task,71,0.0022774709068471566,0.0033080135617638007,2
A_recon_task,72,0.00209626043215394,0.0033134177938336506,2
A_recon_task,73,0.0020072003026143648,0.0032561219995841384,2
A_recon_task,74,0.0018436302998452447,0.003234178395359777,2
A_recon_task,75,0.0019442941702436656,0.0032706680212868378,2
A_recon_task,76,0.0017869398798211478,0.003220311235054396,2
A_recon_task,77,0.001627782970899716,0.0032465132098877802,2
A_recon_task,78,0.0018102003014064394,0.0032067843421828,2
A_recon_task,79,0.0016710735362721607,0.0032154428045032546,2
A_recon_task,80,0.0016937891850830056,0.003205304281436838,2
B_task_only,1,0.10324563691392541,0.0,2
B_task_only,2,0.07716320035979152,0.0,2
B_task_only,3,0.056028906255960464,0.0,2
B_task_only,4,0.04219348751939833,0.0,2
B_task_only,5,0.037082456750795245,0.0,2
B_task_only,6,0.03126973926555365,0.0,2
B_task_only,7,0.025265055242925882,0.0,2
B_task_only,8,0.019694602116942406,0.0,2
B_task_only,9,0.01592342124786228,0.0,2
B_task_only,10,0.014451907074544579,0.0,2
B_task_only,11,0.014738145284354687,0.0,2
B_task_only,12,0.014084384252782911,0.0,2
B_task_only,13,0.012682498141657561,0.0,2
B_task_only,14,0.012120274011977017,0.0,2
B_task_only,15,0.012090074422303587,0.0,2
B_task_only,16,0.011373581364750862,0.0,2
B_task_only,17,0.01115402829600498,0.0,2
B_task_only,18,0.010556648368947208,0.0,2
B_task_only,19,0.010463032231200486,0.0,2
B_task_only,20,0.009846118453424424,0.0,2
B_task_only,21,0.010271365928929299,0.0,2
B_task_only,22,0.009135197789873928,0.0,2
B_task_only,23,0.008444104983936995,0.0,2
B_task_only,24,0.008417971548624337,0.0,2
B_task_only,25,0.008181501150829718,0.0,2
B_task_only,26,0.008751742454478517,0.0,2
B_task_only,27,0.007891861692769453,0.0,2
B_task_only,28,0.007192788005340844,0.0,2
B_task_only,29,0.006791316875023767,0.0,2
B_task_only,30,0.00657458882778883,0.0,2
B_task_only,31,0.0073477412515785545,0.0,2
B_task_only,32,0.006384807376889512,0.0,2
B_task_only,33,0.00611108000157401,0.0,2
B_task_only,34,0.005961475690128282,0.0,2
B_task_only,35,0.0052374316728673875,0.0,2
B_task_only,36,0.004996242263587192,0.0,2
B_task_only,37,0.004967160028172657,0.0,2
B_task_only,38,0.005501307750819251,0.0,2
B_task_only,39,0.004594950165483169,0.0,2
B_task_only,40,0.004241105620167218,0.0,2
B_task_only,41,0.003917964335414581,0.0,2
B_task_only,42,0.0038238219713093713,0.0,2
B_task_only,43,0.00362313752702903,0.0,2
B_task_only,44,0.0040982210921356454,0.0,2
B_task_only,45,0.003420483582885936,0.0,2
B_task_only,46,0.003125469680526294,0.0,2
B_task_only,47,0.0030726407567271963,0.0,2
B_task_only,48,0.0030583306797780097,0.0,2
B_task_only,49,0.00302941698464565,0.0,2
B_task_only,50,0.0028344446182018146,0.0,2
B_task_only,51,0.003194103017449379,0.0,2
B_task_only,52,0.002953760660602711,0.0,2
B_task_only,53,0.002543995768064633,0.0,2
B_task_only,54,0.002484028329490684,0.0,2
B_task_only,55,0.002448800500133075,0.0,2
B_task_only,56,0.0026463165995664895,0.0,2
B_task_only,57,0.002223490329924971,0.0,2
B_task_only,58,0.002337102050660178,0.0,2
B_task_only,59,0.0022713014332111925,0.0,2
B_task_only,60,0.0022527115943375975,0.0,2
B_task_only,61,0.0023409570421790704,0.0,2
B_task_only,62,0.0022208398950169794,0.0,2
B_task_only,63,0.0022828288201708347,0.0,2
B_task_only,64,0.0023454811089322902,0.0,2
B_task_only,65,0.002087641893012915,0.0,2
B_task_only,66,0.0020696485080407,0.0,2
B_task_only,67,0.0018573250126792118,0.0,2
B_task_only,68,0.0017398720447090454,0.0,2
B_task_only,69,0.0017022446409100667,0.0,2
B_task_only,70,0.0019389552253414877,0.0,2
B_task_only,71,0.0023448304273188114,0.0,2
B_task_only,72,0.0019924595035263337,0.0,2
B_task_only,73,0.0016177339275600389,0.0,2
B_task_only,74,0.0016391443350585178,0.0,2
B_task_only,75,0.0018200671111117117,0.0,2
B_task_only,76,0.0015674781025154516,0.0,2
B_task_only,77,0.001479710204876028,0.0,2
B_task_only,78,0.0015379932010546327,0.0,2
B_task_only,79,0.0016846001672092825,0.0,2
B_task_only,80,0.0014176820768625475,0.0,2
A_recon_task,1,0.1336491396650672,0.09260404761880636,3
A_recon_task,2,0.08693693671375513,0.08318146923556924,3
A_recon_task,3,0.058057733345776796,0.07297898223623633,3
A_recon_task,4,0.0479598343372345,0.05172114144079387,3
A_recon_task,5,0.04129611072130501,0.036046352121047676,3
A_recon_task,6,0.0356713782530278,0.0171532123349607,3
A_recon_task,7,0.031056974781677127,0.012336945976130664,3
A_recon_task,8,0.025668127578683197,0.010838862101081759,3
A_recon_task,9,0.020190096693113446,0.009868314722552896,3
A_recon_task,10,0.016295067849569023,0.009192311263177544,3
A_recon_task,11,0.014266195299569517,0.008532996114809066,3
A_recon_task,12,0.013846140180248767,0.008220727177103981,3
A_recon_task,13,0.012726426124572754,0.007550812530098483,3
A_recon_task,14,0.012366924551315606,0.007022406527539715,3
A_recon_task,15,0.011789405718445778,0.006745957187376916,3
A_recon_task,16,0.011438351648394018,0.00652341463137418,3
A_recon_task,17,0.01090125588234514,0.006353332661092281,3
A_recon_task,18,0.010700274375267327,0.006255604646867141,3
A_recon_task,19,0.010356793529354036,0.006257722852751613,3
A_recon_task,20,0.009998512628953904,0.006210948078660294,3
A_recon_task,21,0.009795323363505304,0.005994761479087174,3
A_recon_task,22,0.009473422425799072,0.0058928741491399705,3
A_recon_task,23,0.009263919724617153,0.005813171330373734,3
A_recon_task,24,0.008967299130745232,0.005752539756940678,3
A_recon_task,25,0.009063721256097779,0.005750262236688286,3
A_recon_task,26,0.008957005717093125,0.005541936494410038,3
A_recon_task,27,0.008953614858910441,0.005392764258431271,3
A_recon_task,28,0.008417979493970051,0.005159303836990148,3
A_recon_task,29,0.007922421529656276,0.004982891376130283,3
A_recon_task,30,0.008554180414648727,0.00497607555007562,3
A_recon_task,31,0.007571763504529372,0.004778450005687773,3
A_recon_task,32,0.007465417409548536,0.004649053269531578,3
A_recon_task,33,0.007295798073755577,0.004576622741296887,3
A_recon_task,34,0.00720656497287564,0.004546519310679287,3
A_recon_task,35,0.006938221544260159,0.0045192105462774634,3
A_recon_task,36,0.006931959418579936,0.0045395684719551355,3
A_recon_task,37,0.0068079764023423195,0.004451502725714818,3
A_recon_task,38,0.006813283282099292,0.0045535935496445745,3
A_recon_task,39,0.006763602286810055,0.0044592640188056976,3
A_recon_task,40,0.0064100518648047,0.004410647437907755,3
A_recon_task,41,0.006315203267149627,0.00435138851753436,3
A_recon_task,42,0.006341819622321054,0.004370245354948565,3
A_recon_task,43,0.006132954469649121,0.004365415894426405,3
A_recon_task,44,0.005774611869128421,0.004342565807746723,3
A_recon_task,45,0.005717987980460748,0.004272749851224944,3
A_recon_task,46,0.005960747570497915,0.0042358668288215995,3
A_recon_task,47,0.0059522578958421946,0.004411040514241904,3
A_recon_task,48,0.005544286424992606,0.004400968522531912,3
A_recon_task,49,0.005253509385511279,0.0043247530702501535,3
A_recon_task,50,0.0052181274513714015,0.004208442755043507,3
A_recon_task,51,0.005012076464481652,0.004246480937581509,3
A_recon_task,52,0.004754210458486341,0.0040998400072567165,3
A_recon_task,53,0.004496064269915223,0.004149408603552729,3
A_recon_task,54,0.004618355771526694,0.00412468082504347,3
A_recon_task,55,0.004483238764805719,0.004055302852066234,3
A_recon_task,56,0.0038803343777544796,0.003948142766603269,3
A_recon_task,57,0.0037378366250777617,0.003954982166760601,3
A_recon_task,58,0.0036699381744256243,0.003967091499362141,3
A_recon_task,59,0.0038629389455309138,0.003980955021688715,3
A_recon_task,60,0.003430336946621537,0.003973510203650221,3
A_recon_task,61,0.003213914198568091,0.0038934526819502935,3
A_recon_task,62,0.003741610940778628,0.00397076693479903,3
A_recon_task,63,0.002948297595139593,0.0039045782177709043,3
A_recon_task,64,0.0028262950072530657,0.0038990180182736367,3
A_recon_task,65,0.002664205603650771,0.003849766217172146,3
A_recon_task,66,0.00267656754294876,0.0038611040072282776,3
A_recon_task,67,0.0027021396526833996,0.0037966331728966907,3
A_recon_task,68,0.0026563748833723366,0.0038361461192835122,3
A_recon_task,69,0.0026345697697252035,0.0037797299155499786,3
A_recon_task,70,0.002492575193173252,0.0037609114515362307,3
A_recon_task,71,0.002320339102880098,0.003747048554942012,3
A_recon_task,72,0.0022705990777467377,0.0037574182933894917,3
A_recon_task,73,0.0026349945255788043,0.0037919189053354785,3
A_recon_task,74,0.002243757015094161,0.0037435794511111453,3
A_recon_task,75,0.0021718605057685636,0.0037160202336963266,3
A_recon_task,76,0.002188391074014362,0.0037226421118248254,3
A_recon_task,77,0.002068335670628585,0.003683492337586358,3
A_recon_task,78,0.0020435225014807656,0.003680022753542289,3
A_recon_task,79,0.002320728774066083,0.0036930968053638935,3
A_recon_task,80,0.0020686425050371327,0.003680955560412258,3
B_task_only,1,0.13466536672785878,0.0,3
B_task_only,2,0.10213080141693354,0.0,3
B_task_only,3,0.0959291122853756,0.0,3
B_task_only,4,0.06699898722581565,0.0,3
B_task_only,5,0.045848473673686385,0.0,3
B_task_only,6,0.035989386844448745,0.0,3
B_task_only,7,0.03114874952007085,0.0,3
B_task_only,8,0.026617461582645774,0.0,3
B_task_only,9,0.019896166864782572,0.0,3
B_task_only,10,0.016068255645222962,0.0,3
B_task_only,11,0.014485244755633175,0.0,3
B_task_only,12,0.01384837634395808,0.0,3
B_task_only,13,0.01329834369244054,0.0,3
B_task_only,14,0.013437490561045706,0.0,3
B_task_only,15,0.0130077576613985,0.0,3
B_task_only,16,0.012428441201336682,0.0,3
B_task_only,17,0.012190906272735447,0.0,3
B_task_only,18,0.011983663775026798,0.0,3
B_task_only,19,0.012082028959412128,0.0,3
B_task_only,20,0.011959024704992771,0.0,3
B_task_only,21,0.011485229129903018,0.0,3
B_task_only,22,0.011111579777207226,0.0,3
B_task_only,23,0.010781199729535729,0.0,3
B_task_only,24,0.010776128678116947,0.0,3
B_task_only,25,0.011227327166125178,0.0,3
B_task_only,26,0.011399864917621017,0.0,3
B_task_only,27,0.010043120419140905,0.0,3
B_task_only,28,0.010312999016605318,0.0,3
B_task_only,29,0.00984326924663037,0.0,3
B_task_only,30,0.009628090832848102,0.0,3
B_task_only,31,0.008933992008678615,0.0,3
B_task_only,32,0.008980852697277442,0.0,3
B_task_only,33,0.008488235791446641,0.0,3
B_task_only,34,0.008668119786307216,0.0,3
B_task_only,35,0.008410515263676643,0.0,3
B_task_only,36,0.008409219153691083,0.0,3
B_task_only,37,0.007822893327102065,0.0,3
B_task_only,38,0.007748685689875856,0.0,3
B_task_only,39,0.008090489136520773,0.0,3
B_task_only,40,0.007545549713540822,0.0,3
B_task_only,41,0.007362106960499659,0.0,3
B_task_only,42,0.007335245900321752,0.0,3
B_task_only,43,0.007054852903820574,0.0,3
B_task_only,44,0.006857673986814916,0.0,3
B_task_only,45,0.006639449886279181,0.0,3
B_task_only,46,0.006737287563737482,0.0,3
B_task_only,47,0.006678690988337621,0.0,3
B_task_only,48,0.0068267105089034885,0.0,3
B_task_only,49,0.006737817864632234,0.0,3
B_task_only,50,0.0063088497845456,0.0,3
B_task_only,51,0.006353907112497836,0.0,3
B_task_only,52,0.0063721974729560316,0.0,3
B_task_only,53,0.006375753000611439,0.0,3
B_task_only,54,0.006928946531843394,0.0,3
B_task_only,55,0.006311448174528778,0.0,3
B_task_only,56,0.006077372876461595,0.0,3
B_task_only,57,0.007245122193126008,0.0,3
B_task_only,58,0.006000829191179946,0.0,3
B_task_only,59,0.005716277519240975,0.0,3
B_task_only,60,0.005827331158798188,0.0,3
B_task_only,61,0.005547077889787033,0.0,3
B_task_only,62,0.005302692065015435,0.0,3
B_task_only,63,0.0050654961669351906,0.0,3
B_task_only,64,0.005058869341155514,0.0,3
B_task_only,65,0.005119578272569925,0.0,3
B_task_only,66,0.004941082093864679,0.0,3
B_task_only,67,0.004715688613941893,0.0,3
B_task_only,68,0.004617022059392184,0.0,3
B_task_only,69,0.005152916477527469,0.0,3
B_task_only,70,0.004794917855178937,0.0,3
B_task_only,71,0.004743031051475555,0.0,3
B_task_only,72,0.004736304457765073,0.0,3
B_task_only,73,0.005295471753925085,0.0,3
B_task_only,74,0.004443404410267249,0.0,3
B_task_only,75,0.004619057173840702,0.0,3
B_task_only,76,0.00452689771191217,0.0,3
B_task_only,77,0.004179927462246269,0.0,3
B_task_only,78,0.004023195229819976,0.0,3
B_task_only,79,0.0038293008547043428,0.0,3
B_task_only,80,0.0037076024746056646,0.0,3
A_recon_task,1,0.14453012170270085,0.09233091352507472,4
A_recon_task,2,0.09365957090631127,0.07792043313384056,4
A_recon_task,3,0.0647218101657927,0.053155953297391534,4
A_recon_task,4,0.052739915903657675,0.029831292456947267,4
A_recon_task,5,0.04630126105621457,0.02001356508117169,4
A_recon_task,6,0.03968321694992483,0.014907156932167709,4
A_recon_task,7,0.034926995169371367,0.012439220619853586,4
A_recon_task,8,0.031075720442458987,0.010673628887161613,4
A_recon_task,9,0.027171432855539024,0.009401228569913656,4
A_recon_task,10,0.022431501769460738,0.008516592672094703,4
A_recon_task,11,0.018001890741288662,0.007900725642684847,4
A_recon_task,12,0.015343387553002685,0.007237731653731316,4
A_recon_task,13,0.014672250545118004,0.0067577335285022855,4
A_recon_task,14,0.014091256889514625,0.006595866230782121,4
A_recon_task,15,0.013657671632245183,0.0064885215542744845,4
A_recon_task,16,0.013256938371341676,0.006476365029811859,4
A_recon_task,17,0.012519232172053307,0.006225377263035625,4
A_recon_task,18,0.012621268164366484,0.006188366183778271,4
A_recon_task,19,0.012130516464821994,0.006242204864975065,4
A_recon_task,20,0.011630493856500834,0.0060742589994333684,4
A_recon_task,21,0.011268607573583722,0.00596558055258356,4
A_recon_task,22,0.011017944663763046,0.005871583503903821,4
A_recon_task,23,0.010546840261667967,0.005678978923242539,4
A_recon_task,24,0.010399380465969443,0.005582301382673904,4
A_recon_task,25,0.01013764861272648,0.005470548698212951,4
A_recon_task,26,0.009931406704708934,0.005407914286479354,4
A_recon_task,27,0.00933729374082759,0.005249047128017992,4
A_recon_task,28,0.009057534305611625,0.0051622247556224465,4
A_recon_task,29,0.008600393281085417,0.005039427836891264,4
A_recon_task,30,0.008416302007390186,0.004885373753495514,4
A_recon_task,31,0.008543596079107374,0.004833853687159717,4
A_recon_task,32,0.00788920497871004,0.004706200124928728,4
A_recon_task,33,0.007793189201038331,0.004659215250285342,4
A_recon_task,34,0.007460149528924376,0.0047376811562571675,4
A_recon_task,35,0.007128615630790591,0.004794731765286997,4
A_recon_task,36,0.00712577230297029,0.004646374232834205,4
A_recon_task,37,0.006589106866158545,0.004497274465393275,4
A_recon_task,38,0.006487974140327424,0.004479952505789697,4
A_recon_task,39,0.006538556976011023,0.004575994476908818,4
A_recon_task,40,0.006571812380570918,0.004424641694640741,4
A_recon_task,41,0.0061050294898450375,0.004398167337058112,4
A_recon_task,42,0.005793826858280227,0.004344714252511039,4
A_recon_task,43,0.005814502248540521,0.004329820745624602,4
A_recon_task,44,0.005439979751827195,0.004340608516940847,4
A_recon_task,45,0.00571557940565981,0.0042753527231980115,4
A_recon_task,46,0.005595615453785285,0.004279927932657301,4
A_recon_task,47,0.004933118907501921,0.004196140158455819,4
A_recon_task,48,0.004803220886969939,0.004135814437177032,4
A_recon_task,49,0.0047950586886145175,0.004115402291063219,4
A_recon_task,50,0.004697042459156364,0.004162306955549866,4
A_recon_task,51,0.004522963834460825,0.004103810264496133,4
A_recon_task,52,0.004177763737970963,0.004008747608168051,4
A_recon_task,53,0.004409758752444759,0.004059249360579997,4
A_recon_task,54,0.0041411528654862195,0.004021380009362474,4
A_recon_task,55,0.003985069924965501,0.003945436139474623,4
A_recon_task,56,0.0037519972829613835,0.003903601667843759,4
A_recon_task,57,0.0037234465999063104,0.003871926834108308,4
A_recon_task,58,0.0035491116577759385,0.003853763031656854,4
A_recon_task,59,0.0037430902593769133,0.0039022089331410825,4
A_recon_task,60,0.003760477658943273,0.003950718237319961,4
A_recon_task,61,0.003301659889984876,0.0037906483485130593,4
A_recon_task,62,0.0032187261385843158,0.003746566580957733,4
A_recon_task,63,0.0031848978251218796,0.00378593934874516,4
A_recon_task,64,0.0033744050160748884,0.0038185817829798907,4
A_recon_task,65,0.002952100883703679,0.003763409869861789,4
A_recon_task,66,0.002901616142480634,0.0037943518691463396,4
A_recon_task,67,0.0029380993655649945,0.003773794451262802,4
A_recon_task,68,0.0030694824090460315,0.003766033871215768,4
A_recon_task,69,0.003014127927599475,0.003744749410543591,4
A_recon_task,70,0.0025358396960655227,0.003671587153803557,4
A_recon_task,71,0.002478331865859218,0.0036695935123134404,4
A_recon_task,72,0.0027801229298347607,0.00370131156523712,4
A_recon_task,73,0.0025677347148302943,0.0037551682034973055,4
A_recon_task,74,0.0023948518501129,0.0036918229598086327,4
A_recon_task,75,0.0022218377998797223,0.003609069943195209,4
A_recon_task,76,0.002199853384809103,0.0036041786952409893,4
A_recon_task,77,0.002281732151459437,0.003623953423812054,4
A_recon_task,78,0.0024169185271603055,0.0036947467015124857,4
A_recon_task,79,0.0021112923277541995,0.003689177392516285,4
A_recon_task,80,0.0021945980261079967,0.0036480043781921268,4
B_task_only,1,0.14649536786600947,0.0,4
B_task_only,2,0.10244027944281697,0.0,4
B_task_only,3,0.09580814884975553,0.0,4
B_task_only,4,0.07672808179631829,0.0,4
B_task_only,5,0.05328513612039387,0.0,4
B_task_only,6,0.03743401588872075,0.0,4
B_task_only,7,0.03193215106148273,0.0,4
B_task_only,8,0.027756228926591575,0.0,4
B_task_only,9,0.022673967760056257,0.0,4
B_task_only,10,0.017647299566306174,0.0,4
B_task_only,11,0.014959657157305628,0.0,4
B_task_only,12,0.01328066090354696,0.0,4
B_task_only,13,0.012669018295127898,0.0,4
B_task_only,14,0.012238829280249774,0.0,4
B_task_only,15,0.011905663588549942,0.0,4
B_task_only,16,0.012281798524782062,0.0,4
B_task_only,17,0.010995760501828045,0.0,4
B_task_only,18,0.011183600581716746,0.0,4
B_task_only,19,0.010976934048812836,0.0,4
B_task_only,20,0.010689804621506482,0.0,4
B_task_only,21,0.010114649485331029,0.0,4
B_task_only,22,0.009761705645360053,0.0,4
B_task_only,23,0.009098323847865686,0.0,4
B_task_only,24,0.009250784409232438,0.0,4
B_task_only,25,0.00888217319152318,0.0,4
B_task_only,26,0.008526619174517691,0.0,4
B_task_only,27,0.00824017688864842,0.0,4
B_task_only,28,0.008016410167329013,0.0,4
B_task_only,29,0.007547820801846683,0.0,4
B_task_only,30,0.007321146404137835,0.0,4
B_task_only,31,0.007843781058909371,0.0,4
B_task_only,32,0.007193813798949122,0.0,4
B_task_only,33,0.0074563027010299265,0.0,4
B_task_only,34,0.007047487102681771,0.0,4
B_task_only,35,0.006968109868466854,0.0,4
B_task_only,36,0.006338632432743907,0.0,4
B_task_only,37,0.006290375051321462,0.0,4
B_task_only,38,0.006187257182318717,0.0,4
B_task_only,39,0.006013193953549489,0.0,4
B_task_only,40,0.00582224692334421,0.0,4
B_task_only,41,0.005820632359245792,0.0,4
B_task_only,42,0.005781828833278269,0.0,4
B_task_only,43,0.005863245285581797,0.0,4
B_task_only,44,0.005603157653240487,0.0,4
B_task_only,45,0.005424248345661908,0.0,4
B_task_only,46,0.005219148210017011,0.0,4
B_task_only,47,0.0050024602096527815,0.0,4
B_task_only,48,0.004849533521337435,0.0,4
B_task_only,49,0.00484045798657462,0.0,4
B_task_only,50,0.005054147215560079,0.0,4
B_task_only,51,0.005049423343734816,0.0,4
B_task_only,52,0.004690772533649579,0.0,4
B_task_only,53,0.00468574368278496,0.0,4
B_task_only,54,0.0046365667367354035,0.0,4
B_task_only,55,0.004483680342673324,0.0,4
B_task_only,56,0.0042356731137260795,0.0,4
B_task_only,57,0.004096644057426602,0.0,4
B_task_only,58,0.0038606215530307963,0.0,4
B_task_only,59,0.0038689082284690812,0.0,4
B_task_only,60,0.0038941737002460286,0.0,4
B_task_only,61,0.0035693592799361795,0.0,4
B_task_only,62,0.0034805790201062337,0.0,4
B_task_only,63,0.0035657475382322446,0.0,4
B_task_only,64,0.003546109379385598,0.0,4
B_task_only,65,0.00311452460300643,0.0,4
B_task_only,66,0.003116969659458846,0.0,4
B_task_only,67,0.002992373803863302,0.0,4
B_task_only,68,0.0038790087564848363,0.0,4
B_task_only,69,0.003353511361638084,0.0,4
B_task_only,70,0.0031830907391849905,0.0,4
B_task_only,71,0.0028947858372703195,0.0,4
B_task_only,72,0.0026803407236002386,0.0,4
B_task_only,73,0.002999913864186965,0.0,4
B_task_only,74,0.0028293426585150883,0.0,4
B_task_only,75,0.002443685560137965,0.0,4
B_task_only,76,0.0024388877354795113,0.0,4
B_task_only,77,0.0023193020606413484,0.0,4
B_task_only,78,0.0022256247320910916,0.0,4
B_task_only,79,0.0021020247222622856,0.0,4
B_task_only,80,0.0021209362894296646,0.0,4
