model,subset,horizon,mae_px_mean,mae_px_std,r2_mean,r2_std,n_seeds,n_traj
A_recon_task,all,1,0.36107446551322936,0.10055234319957307,0.9861358046531677,0.007247859806731871,5,500
A_recon_task,all,2,0.3732961595058441,0.08948208038569884,0.9869537830352784,0.005545216823868194,5,500
A_recon_task,all,3,0.42261533737182616,0.0724057855784482,0.9850993394851685,0.004609478583865931,5,500
A_recon_task,all,4,0.48776673078536986,0.05781960826015851,0.9820149779319763,0.004054333448627731,5,500
A_recon_task,all,5,0.558908998966217,0.05216925339464679,0.9779477000236512,0.0038758562597659175,5,500
A_recon_task,all,6,0.6307398557662964,0.05469959570181673,0.9735906720161438,0.0037591104264847433,5,500
A_recon_task,all,7,0.6943283200263977,0.06435339243602885,0.9686332583427429,0.004455884710570506,5,500
A_recon_task,all,8,0.761103880405426,0.06935808673004569,0.9626340508460999,0.005928537832455042,5,500
A_recon_task,all,9,0.8440439820289611,0.07781650088790115,0.9541075348854064,0.008418839254304821,5,500
A_recon_task,all,10,0.9317137956619262,0.09211472251271435,0.9425285816192627,0.011338266338415854,5,500
A_recon_task,bounce,1,0.35836637020111084,0.07612523169946316,0.9903925776481628,0.004370004489446599,5,292
A_recon_task,bounce,2,0.38443737030029296,0.05357082117322489,0.9909112811088562,0.002333285778962251,5,292
A_recon_task,bounce,3,0.44323689937591554,0.030796184643577418,0.9895263910293579,0.0015328643378746203,5,292
A_recon_task,bounce,4,0.5143834948539734,0.022263245461073975,0.9871500968933106,0.0013316482371924308,5,292
A_recon_task,bounce,5,0.5905454993247986,0.028494961327825565,0.9837864518165589,0.0016209538956200547,5,292
A_recon_task,bounce,6,0.6717875123023986,0.03664519195508279,0.9797961235046386,0.002070894397665958,5,292
A_recon_task,bounce,7,0.7484878063201904,0.06724619213581262,0.9744598388671875,0.003580804452237091,5,292
A_recon_task,bounce,8,0.8318317055702209,0.07996699967589843,0.9667446136474609,0.0058499897366625355,5,292
A_recon_task,bounce,9,0.926065731048584,0.08683661003569496,0.9539759635925293,0.009671427191148236,5,292
A_recon_task,bounce,10,0.9901443600654602,0.09235592086861409,0.9351248621940613,0.013829822038562423,5,292
A_recon_task,no_bounce,1,0.3643892496824265,0.13787789354601349,0.9620279192924499,0.02664993909500768,5,208
A_recon_task,no_bounce,2,0.3596601575613022,0.1364765441732501,0.9585805892944336,0.030059596597742953,5,208
A_recon_task,no_bounce,3,0.39710876941680906,0.13299800239150933,0.951142156124115,0.031604726427924355,5,208
A_recon_task,no_bounce,4,0.45453505516052245,0.10857336881869699,0.9458439946174622,0.026235362213390394,5,208
A_recon_task,no_bounce,5,0.5195064306259155,0.08785449520377799,0.9433862805366516,0.019922914580544158,5,208
A_recon_task,no_bounce,6,0.579031252861023,0.07708646953384705,0.9443005561828614,0.014997824295759476,5,208
A_recon_task,no_bounce,7,0.6251467823982239,0.06758155316911642,0.9474927306175231,0.012040459030001331,5,208
A_recon_task,no_bounce,8,0.6705297946929931,0.06331253325295445,0.9514516592025757,0.010353382391192286,5,208
A_recon_task,no_bounce,9,0.739042329788208,0.07040819989272272,0.9539649486541748,0.009591583843431539,5,208
A_recon_task,no_bounce,10,0.8585585832595826,0.10044300313340356,0.9514631628990173,0.0107168018694232,5,208
B_task_only,all,1,0.4727774798870087,0.09687126954079173,0.9774468660354614,0.009106580680306859,5,500
B_task_only,all,2,0.4964898645877838,0.09960548122120463,0.9782133221626281,0.00820044441243823,5,500
B_task_only,all,3,0.5354964196681976,0.09731946719594878,0.9774878978729248,0.007801093434788235,5,500
B_task_only,all,4,0.5788497507572175,0.09676056970855887,0.97546945810318,0.00790568871279171,5,500
B_task_only,all,5,0.6425665020942688,0.10231967443616409,0.971551489830017,0.008846615908310299,5,500
B_task_only,all,6,0.7175738692283631,0.1296729302220299,0.9663228988647461,0.011305285747242303,5,500
B_task_only,all,7,0.7893937230110168,0.156719120117937,0.9598140239715576,0.014628100131599837,5,500
B_task_only,all,8,0.8690421342849731,0.1809767917348506,0.9515962362289428,0.01874063358351996,5,500
B_task_only,all,9,0.9635191559791565,0.19800701959714,0.9393913269042968,0.02366052509238531,5,500
B_task_only,all,10,1.0740678668022157,0.22011217102256067,0.921756637096405,0.030546286943634902,5,500
B_task_only,bounce,1,0.4395716071128845,0.08265712605009522,0.9865857005119324,0.004624385549845554,5,292
B_task_only,bounce,2,0.46814021468162537,0.08055762854651678,0.9870392203330993,0.0038900738793569475,5,292
B_task_only,bounce,3,0.5285017728805542,0.09452453500869917,0.9857446074485778,0.004157556817408807,5,292
B_task_only,bounce,4,0.5882569789886475,0.0994751622999161,0.9836660623550415,0.004663739138858518,5,292
B_task_only,bounce,5,0.6751702427864075,0.11036103415279748,0.979658842086792,0.005922119568683134,5,292
B_task_only,bounce,6,0.7799588322639466,0.15242662770823723,0.9737928986549378,0.008654647725960116,5,292
B_task_only,bounce,7,0.8825697660446167,0.1860754600661198,0.965714943408966,0.01237801103672401,5,292
B_task_only,bounce,8,0.9917622089385987,0.21399190247605032,0.9543638586997986,0.01747669499407932,5,292
B_task_only,bounce,9,1.0955400943756104,0.23223669305743638,0.9358792185783387,0.025147809792982485,5,292
B_task_only,bounce,10,1.1814034700393676,0.260156490249848,0.9062992811203003,0.038590273037804095,5,292
B_task_only,no_bounce,1,0.5167438685894012,0.13227105426594013,0.9246181011199951,0.03943813995361903,5,208
B_task_only,no_bounce,2,0.5350103378295898,0.14039655400450304,0.914858341217041,0.04376033936598089,5,208
B_task_only,no_bounce,3,0.5468905448913575,0.11163069151525318,0.9145303249359131,0.03988868170791298,5,208
B_task_only,no_bounce,4,0.5688158929347992,0.10464344569955736,0.9183627367019653,0.03444209504056167,5,208
B_task_only,no_bounce,5,0.6020043015480041,0.10825246578435854,0.9243635773658753,0.02933703830843128,5,208
B_task_only,no_bounce,6,0.6381289601325989,0.11316542872229737,0.9316368818283081,0.026676038493630667,5,208
B_task_only,no_bounce,7,0.6706746816635132,0.12491970457504672,0.938627815246582,0.02489990968827973,5,208
B_task_only,no_bounce,8,0.7129674911499023,0.1423368412587276,0.9439079642295838,0.024039324096446026,5,208
B_task_only,no_bounce,9,0.7959705710411071,0.15849132190955187,0.9453685641288757,0.02253757513278543,5,208
B_task_only,no_bounce,10,0.9392882585525513,0.17732544453272314,0.9405637741088867,0.022176569034091518,5,208
baseline_constant,all,1,0.5821312546730042,0.011787415069142115,0.97756108045578,0.00105480869486336,5,500
baseline_constant,all,2,1.1302308797836305,0.025637212412969214,0.9241460919380188,0.003300283796824857,5,500
baseline_constant,all,3,1.6435750484466554,0.03782714588581596,0.8518827199935913,0.0051900681049114996,5,500
baseline_constant,all,4,2.1040556907653807,0.048053929665826806,0.7670810103416443,0.007063477263201254,5,500
baseline_constant,all,5,2.532502603530884,0.04584580683742593,0.6710966467857361,0.009944399408890754,5,500
baseline_constant,all,6,2.934562826156616,0.052626937430351586,0.5658399343490601,0.01577260269375319,5,500
baseline_constant,all,7,3.302414131164551,0.05878567348416059,0.45472108125686644,0.021533506812367178,5,500
baseline_constant,all,8,3.625334644317627,0.0655016747112184,0.33754909038543696,0.02682908595679476,5,500
baseline_constant,all,9,3.9049776554107667,0.06585535983067749,0.21114659309387201,0.032864420940492585,5,500
baseline_constant,all,10,4.138034915924072,0.0758066227633455,0.07398866415023798,0.03947527358154187,5,500
baseline_constant,bounce,1,0.6353842973709106,0.012982387944462848,0.9825572609901428,0.0011641559522406189,5,292
baseline_constant,bounce,2,1.210799503326416,0.030778976839182116,0.9439265489578247,0.0037051941711478634,5,292
baseline_constant,bounce,3,1.7212986946105957,0.05309396318941065,0.8945213794708252,0.006610742800692223,5,292
baseline_constant,bounce,4,2.1379445075988768,0.07619903345693212,0.8385950803756714,0.00923673731026575,5,292
baseline_constant,bounce,5,2.497833824157715,0.08044636907212149,0.7750426054000854,0.010609228786644805,5,292
baseline_constant,bounce,6,2.8118968963623048,0.07932641536577541,0.7037681341171265,0.012419471988020698,5,292
baseline_constant,bounce,7,3.0649888038635256,0.07367550668975482,0.6271317720413208,0.013563184286977437,5,292
baseline_constant,bounce,8,3.2386270999908446,0.06819265142911317,0.5439182639122009,0.013405978146550314,5,292
baseline_constant,bounce,9,3.3325925350189207,0.05019477344509663,0.44508234262466423,0.012841445253951585,5,292
baseline_constant,bounce,10,3.3465100288391114,0.0450358410771404,0.3187096118927002,0.01681773474170434,5,292
baseline_constant,no_bounce,1,0.5132447838783264,0.008382669773289003,0.9485398054122924,0.002978350940633085,5,208
baseline_constant,no_bounce,2,1.0256406545639039,0.018627624467270475,0.7832027196884155,0.009804547859984853,5,208
baseline_constant,no_bounce,3,1.542026448249817,0.02747291567933013,0.5315734624862671,0.022589842810072102,5,208
baseline_constant,no_bounce,4,2.0585325241088865,0.040455854833369435,0.2745839476585388,0.04555841967991878,5,208
baseline_constant,no_bounce,5,2.5752514362335206,0.04983210012776302,0.07045572996139524,0.06369137353828484,5,208
baseline_constant,no_bounce,6,3.0912100315093993,0.06369450463346478,-0.06871578693389888,0.07530543650067169,5,208
baseline_constant,no_bounce,7,3.6081911087036134,0.07209779159212115,-0.15358772277832028,0.0777090950255674,5,208
baseline_constant,no_bounce,8,4.1249772071838375,0.08262814679412557,-0.20131196975708004,0.07560946514797678,5,208
baseline_constant,no_bounce,9,4.645450401306152,0.09160195550951411,-0.2245718002319336,0.07168816071358584,5,208
baseline_constant,no_bounce,10,5.163023662567139,0.10341650916810298,-0.2358063697814941,0.06711127215665634,5,208
baseline_linear,all,1,0.12721006312844105,0.010836116814613961,0.994959766683525,0.0007504339158599403,5,500
baseline_linear,all,2,0.2896548858085298,0.026895916064672204,0.9755807087112544,0.0033233415797667637,5,500
baseline_linear,all,3,0.5153607056286664,0.04526242191450605,0.9359436050063262,0.007846722474348958,5,500
baseline_linear,all,4,0.8221994572341792,0.057983560635101544,0.8684037700216832,0.014607275022293562,5,500
baseline_linear,all,5,1.1962360788457445,0.06574353081773901,0.7659812517840505,0.023656212842796346,5,500
baseline_linear,all,6,1.6350120260828263,0.06337267048719107,0.6218801252967122,0.0334374470065204,5,500
baseline_linear,all,7,2.141853510832145,0.0607029557079073,0.42749120452930417,0.04461238097390381,5,500
baseline_linear,all,8,2.7292256527264835,0.05701232310928123,0.16294786683547124,0.053911659439324015,5,500
baseline_linear,all,9,3.3924612705620816,0.06748856792950418,-0.19224213208051416,0.0639283683902527,5,500
baseline_linear,all,10,4.128232065974695,0.08891919462564431,-0.6704141663144048,0.07376793392367152,5,500
baseline_linear,bounce,1,0.11053036373435407,0.009358861132350819,0.9980074897214621,0.0004031404187262688,5,292
baseline_linear,bounce,2,0.3065371063388744,0.027313560717872724,0.985404551289738,0.002057726204599048,5,292
baseline_linear,bounce,3,0.6148668920741921,0.04746898024134151,0.9544258702551304,0.004104004515533561,5,292
baseline_linear,bounce,4,1.0689609804229547,0.06537954329213631,0.8946420585719675,0.006690940179291724,5,292
baseline_linear,bounce,5,1.6430173830786354,0.08336682948709058,0.794319107692832,0.011853354769460776,5,292
baseline_linear,bounce,6,2.3347285449821333,0.09348819237783097,0.6389954535419344,0.019990024185733944,5,292
baseline_linear,bounce,7,3.144474999814878,0.10268446142977683,0.40438854930999685,0.03247699339412055,5,292
baseline_linear,bounce,8,4.098069600217209,0.097646399456813,0.03732968274575244,0.0482186816590915,5,292
baseline_linear,bounce,9,5.184233978877007,0.09629153962695132,-0.5551788089343249,0.07078976642057018,5,292
baseline_linear,bounce,10,6.399264521187901,0.09652044653791432,-1.5801647912978622,0.10563042810910488,5,292
baseline_linear,no_bounce,1,0.14839377910355928,0.020368345204370114,0.9775959983028535,0.003474281713741601,5,208
baseline_linear,no_bounce,2,0.2674474527675082,0.040824913898872724,0.9066931180305492,0.015800471337782167,5,208
baseline_linear,no_bounce,3,0.38673272880638143,0.058913594649318834,0.7990910284831584,0.03980074783672731,5,208
baseline_linear,no_bounce,4,0.5038714592445037,0.07543066623615449,0.6901172295658581,0.06663641581794713,5,208
baseline_linear,no_bounce,5,0.619935725801845,0.09380933849202747,0.6043324970484925,0.09047347088156596,5,208
baseline_linear,no_bounce,6,0.7322438310897155,0.10931881054562767,0.5442100103578522,0.10719279228753789,5,208
baseline_linear,no_bounce,7,0.8478729533963465,0.1295607844084975,0.5088730493336108,0.11751888060194658,5,208
baseline_linear,no_bounce,8,0.9615260484236126,0.14659491181846115,0.4894409702599464,0.12120410250253731,5,208
baseline_linear,no_bounce,9,1.0779395453209013,0.16318922469420363,0.4809776206255593,0.12224104793030838,5,208
baseline_linear,no_bounce,10,1.1936591091540942,0.18201155571230893,0.47585889043969604,0.1229089958146299,5,208
