arm,seed,dim,mse_increase
A_recon,0,0,0.000493711675517261
A_recon,0,1,0.00022434804122895002
A_recon,0,2,0.00013935298193246126
A_recon,0,3,0.00039885053411126137
A_recon,0,4,0.0006755058420822024
A_recon,0,5,0.0003153849393129349
A_recon,0,6,0.0024188882671296597
A_recon,0,7,0.0008916003862395883
A_recon,0,8,0.0004954156465828419
A_recon,0,9,0.00017883419059216976
A_recon,0,10,0.005981360096484423
A_recon,0,11,0.007183421868830919
A_recon,0,12,0.0013518215855583549
A_recon,0,13,0.00026472879108041525
A_recon,0,14,0.012485519051551819
A_recon,0,15,0.00013714306987822056
A_recon,0,16,0.0001686380710452795
A_recon,0,17,0.001011759857647121
A_recon,0,18,0.0002502111019566655
A_recon,0,19,0.00010436726734042168
A_recon,0,20,0.0020038485527038574
A_recon,0,21,0.0002539482666179538
A_recon,0,22,0.003991751465946436
A_recon,0,23,0.0007944145472720265
A_recon,0,24,0.0004213780630379915
A_recon,0,25,0.001949988421984017
A_recon,0,26,0.0013516390463337302
A_recon,0,27,0.002984486985951662
A_recon,0,28,3.704288974404335e-05
A_recon,0,29,0.00011805782560259104
A_recon,0,30,3.2425159588456154e-05
A_recon,0,31,0.00025518692564219236
A_recon,1,0,0.0001292808447033167
A_recon,1,1,0.0020357489120215178
A_recon,1,2,0.0033964875619858503
A_recon,1,3,0.001598759787157178
A_recon,1,4,0.000497262692078948
A_recon,1,5,0.0005210982635617256
A_recon,1,6,0.0006192012224346399
A_recon,1,7,0.0006939421873539686
A_recon,1,8,0.00027823401615023613
A_recon,1,9,0.0003064356278628111
A_recon,1,10,0.0025087993126362562
A_recon,1,11,0.002804423915222287
A_recon,1,12,0.0011187770869582891
A_recon,1,13,0.00027324887923896313
A_recon,1,14,0.0005423920229077339
A_recon,1,15,0.00043232343159615993
A_recon,1,16,0.005665171891450882
A_recon,1,17,0.0017914718482643366
A_recon,1,18,0.00620146282017231
A_recon,1,19,0.00015047495253384113
A_recon,1,20,0.0002586671616882086
A_recon,1,21,0.0004846877418458462
A_recon,1,22,0.00011484022252261639
A_recon,1,23,0.005221103318035603
A_recon,1,24,0.00021183048374950886
A_recon,1,25,0.001166240544989705
A_recon,1,26,0.0005727729294449091
A_recon,1,27,0.0003307734150439501
A_recon,1,28,0.0015168215613812208
A_recon,1,29,0.004813194274902344
A_recon,1,30,0.0015381930861622095
A_recon,1,31,7.317913696169853e-05
A_recon,2,0,0.0003067236393690109
A_recon,2,1,0.0017723527271300554
A_recon,2,2,0.0006053827237337828
A_recon,2,3,7.351953536272049e-05
A_recon,2,4,0.00024967920035123825
A_recon,2,5,0.00018970691598951817
A_recon,2,6,0.00018329801969230175
A_recon,2,7,0.002824377967044711
A_recon,2,8,0.0022803449537605047
A_recon,2,9,0.0005489513278007507
A_recon,2,10,0.0005351658910512924
A_recon,2,11,0.001073070103302598
A_recon,2,12,0.0007491109427064657
A_recon,2,13,0.0025651853065937757
A_recon,2,14,0.0002042574342340231
A_recon,2,15,0.001734596909955144
A_recon,2,16,0.0003810699563473463
A_recon,2,17,0.0004521990194916725
A_recon,2,18,0.00546483788639307
A_recon,2,19,0.00035541411489248276
A_recon,2,20,0.00018570013344287872
A_recon,2,21,0.00020423601381480694
A_recon,2,22,0.00219247885979712
A_recon,2,23,0.0003837400581687689
A_recon,2,24,7.255002856254578e-06
A_recon,2,25,0.0008266638033092022
A_recon,2,26,0.00015693879686295986
A_recon,2,27,0.0008931739721447229
A_recon,2,28,0.007826032117009163
A_recon,2,29,0.0005244861822575331
A_recon,2,30,0.0011650754604488611
A_recon,2,31,0.0004586994182318449
A_recon,3,0,0.0007334371330216527
A_recon,3,1,0.0001293863169848919
A_recon,3,2,5.1092589274048805e-05
A_recon,3,3,0.0023585688322782516
A_recon,3,4,0.0020380052737891674
A_recon,3,5,0.00079494493547827
A_recon,3,6,0.0009058016585186124
A_recon,3,7,0.001028061960823834
A_recon,3,8,5.277048330754042e-05
A_recon,3,9,0.00035064329858869314
A_recon,3,10,0.00206149835139513
A_recon,3,11,0.0013611569302156568
A_recon,3,12,0.0008054532809183002
A_recon,3,13,0.001423626090399921
A_recon,3,14,3.391143400222063e-05
A_recon,3,15,0.0016535766189917922
A_recon,3,16,0.00026344333309680223
A_recon,3,17,0.00021098542492836714
A_recon,3,18,0.0002766181714832783
A_recon,3,19,0.00183315749745816
A_recon,3,20,0.0012636183528229594
A_recon,3,21,0.0058527602814137936
A_recon,3,22,0.0021826662123203278
A_recon,3,23,0.002123789396136999
A_recon,3,24,0.0006991903064772487
A_recon,3,25,0.00010346563067287207
A_recon,3,26,0.0019901772029697895
A_recon,3,27,0.005837787874042988
A_recon,3,28,0.0008719427278265357
A_recon,3,29,3.4529948607087135e-05
A_recon,3,30,0.000603938358835876
A_recon,3,31,0.0012783174170181155
B_task,0,0,4.396936856210232e-05
B_task,0,1,0.0016130784060806036
B_task,0,2,0.0005037316586822271
B_task,0,3,0.0002852694597095251
B_task,0,4,0.004115380346775055
B_task,0,5,0.0027074140962213278
B_task,0,6,0.004059869796037674
B_task,0,7,0.00022604293189942837
B_task,0,8,0.0036432051565498114
B_task,0,9,0.0006943491753190756
B_task,0,10,0.007570807822048664
B_task,0,11,0.0036375231575220823
B_task,0,12,0.003677695756778121
B_task,0,13,0.0001370515674352646
B_task,0,14,0.006650159135460854
B_task,0,15,0.010164131410419941
B_task,0,16,9.788013994693756e-05
B_task,0,17,0.0003376784734427929
B_task,0,18,0.00010151229798793793
B_task,0,19,0.009556470438838005
B_task,0,20,0.0015457167755812407
B_task,0,21,0.0006229041609913111
B_task,0,22,0.010063736699521542
B_task,0,23,0.0015129593666642904
B_task,0,24,0.0007763106841593981
B_task,0,25,0.00254920800216496
B_task,0,26,0.0044287024065852165
B_task,0,27,0.0012264635879546404
B_task,0,28,0.002898062812164426
B_task,0,29,0.004801960662007332
B_task,0,30,0.0008809941355139017
B_task,0,31,0.0019444304052740335
B_task,1,0,0.00026696082204580307
B_task,1,1,0.00015375204384326935
B_task,1,2,0.0017538219690322876
B_task,1,3,0.001570799620822072
B_task,1,4,0.007320936303585768
B_task,1,5,0.001052039209753275
B_task,1,6,0.0015438972041010857
B_task,1,7,0.0012125656940042973
B_task,1,8,0.001377677544951439
B_task,1,9,0.001988206524401903
B_task,1,10,0.004358310252428055
B_task,1,11,0.0036848681047558784
B_task,1,12,0.0005397133063524961
B_task,1,13,0.000923805870115757
B_task,1,14,0.0020348005928099155
B_task,1,15,0.000762291019782424
B_task,1,16,0.009470991790294647
B_task,1,17,0.0013465359807014465
B_task,1,18,0.01851966418325901
B_task,1,19,0.003032504115253687
B_task,1,20,0.0013237055391073227
B_task,1,21,0.00017875921912491322
B_task,1,22,0.0006568364333361387
B_task,1,23,0.0003062780015170574
B_task,1,24,0.003021158743649721
B_task,1,25,0.00519495690241456
B_task,1,26,0.0019446546211838722
B_task,1,27,0.0039053265936672688
B_task,1,28,0.0018201540224254131
B_task,1,29,0.0009710851591080427
B_task,1,30,0.0007338428404182196
B_task,1,31,0.0005188765935599804
B_task,2,0,0.00033006444573402405
B_task,2,1,0.004307596478611231
B_task,2,2,0.007823869585990906
B_task,2,3,0.00190045777708292
B_task,2,4,0.00084651168435812
B_task,2,5,0.003890195395797491
B_task,2,6,6.993114948272705e-05
B_task,2,7,0.0009434865787625313
B_task,2,8,0.00012835022062063217
B_task,2,9,0.0030673411674797535
B_task,2,10,0.002513027284294367
B_task,2,11,0.001265465747565031
B_task,2,12,0.003959211986511946
B_task,2,13,0.009661568328738213
B_task,2,14,0.00023939786478877068
B_task,2,15,0.0003209589049220085
B_task,2,16,0.0021581794135272503
B_task,2,17,0.0029325978830456734
B_task,2,18,0.0046937051229178905
B_task,2,19,0.0040658931247889996
B_task,2,20,3.929436206817627e-05
B_task,2,21,0.0016866764053702354
B_task,2,22,0.0009691393934190273
B_task,2,23,0.0020246291533112526
B_task,2,24,0.0016548288986086845
B_task,2,25,0.009536877274513245
B_task,2,26,0.00022702105343341827
B_task,2,27,0.0011745798401534557
B_task,2,28,0.006437292788177729
B_task,2,29,0.004164108540862799
B_task,2,30,0.00026740552857518196
B_task,2,31,0.0002366499975323677
B_task,3,0,0.00044805346988141537
B_task,3,1,0.0007863871287554502
B_task,3,2,0.0048030074685812
B_task,3,3,0.005824011750519276
B_task,3,4,0.0071029141545295715
B_task,3,5,0.00032590259797871113
B_task,3,6,0.00011637178249657154
B_task,3,7,0.0016599169466644526
B_task,3,8,7.292046211659908e-05
B_task,3,9,0.0017114004585891962
B_task,3,10,0.0018664260860532522
B_task,3,11,0.002441297983750701
B_task,3,12,0.0010592301841825247
B_task,3,13,0.00023919041268527508
B_task,3,14,0.006165605038404465
B_task,3,15,0.0026073080953210592
B_task,3,16,0.00010892190039157867
B_task,3,17,0.0015030542854219675
B_task,3,18,0.0004893315490335226
B_task,3,19,0.011861216276884079
B_task,3,20,2.954714000225067e-05
B_task,3,21,0.0032115678768604994
B_task,3,22,0.0008356000762432814
B_task,3,23,0.000579384621232748
B_task,3,24,0.01271961908787489
B_task,3,25,0.002633030293509364
B_task,3,26,0.0014069911558181047
B_task,3,27,0.005286789499223232
B_task,3,28,0.0020910080056637526
B_task,3,29,0.00012418907135725021
B_task,3,30,0.0046898555010557175
B_task,3,31,0.0006987445522099733
C_scene,0,0,0.00017696281429380178
C_scene,0,1,0.0006868526106700301
C_scene,0,2,0.0031562955118715763
C_scene,0,3,0.0007771420059725642
C_scene,0,4,0.0012048619100823998
C_scene,0,5,0.0006673532770946622
C_scene,0,6,0.0019069990376010537
C_scene,0,7,4.084769170731306e-05
C_scene,0,8,0.00029478000942617655
C_scene,0,9,0.0007455033482983708
C_scene,0,10,0.000476804212667048
C_scene,0,11,4.445586819201708e-05
C_scene,0,12,0.0005066165467724204
C_scene,0,13,0.0001571377506479621
C_scene,0,14,0.0010668685426935554
C_scene,0,15,0.0018241818761453032
C_scene,0,16,0.0003679540241137147
C_scene,0,17,0.00013472943101078272
C_scene,0,18,0.001848944346420467
C_scene,0,19,0.00046929519157856703
C_scene,0,20,0.0012955899583175778
C_scene,0,21,0.001460548141039908
C_scene,0,22,0.0009325059363618493
C_scene,0,23,0.00020129687618464231
C_scene,0,24,0.00022403302136808634
C_scene,0,25,0.001035939552821219
C_scene,0,26,0.0005047748563811183
C_scene,0,27,0.00016647519078105688
C_scene,0,28,0.00045797612983733416
C_scene,0,29,0.00033538800198584795
C_scene,0,30,0.0006144387880340219
C_scene,0,31,0.0005158650455996394
C_scene,1,0,0.004402455408126116
C_scene,1,1,0.0010569033911451697
C_scene,1,2,0.002491599880158901
C_scene,1,3,0.0003360464470461011
C_scene,1,4,9.886990301311016e-05
C_scene,1,5,0.0006411549402400851
C_scene,1,6,0.00014831603039056063
C_scene,1,7,0.0010663765715435147
C_scene,1,8,8.257292211055756e-05
C_scene,1,9,0.0019201942486688495
C_scene,1,10,3.2627955079078674e-05
C_scene,1,11,0.001753229764290154
C_scene,1,12,0.0002897609956562519
C_scene,1,13,0.00026821508072316647
C_scene,1,14,0.0009725427953526378
C_scene,1,15,0.0005639939336106181
C_scene,1,16,0.0015267314156517386
C_scene,1,17,0.0021178903989493847
C_scene,1,18,6.67243730276823e-05
C_scene,1,19,0.00018713215831667185
C_scene,1,20,0.0011541867861524224
C_scene,1,21,0.0007712702499702573
C_scene,1,22,0.0013328398345038295
C_scene,1,23,0.001843812526203692
C_scene,1,24,4.725751932710409e-05
C_scene,1,25,0.0017183985328301787
C_scene,1,26,0.0015094982227310538
C_scene,1,27,6.823497824370861e-05
C_scene,1,28,0.00033218145836144686
C_scene,1,29,0.00019476551096886396
C_scene,1,30,6.276066415011883e-06
C_scene,1,31,0.00031506933737546206
C_scene,2,0,0.0002812468446791172
C_scene,2,1,0.0014723504427820444
C_scene,2,2,0.0005531925708055496
C_scene,2,3,0.001649057725444436
C_scene,2,4,0.000569232739508152
C_scene,2,5,0.00013021612539887428
C_scene,2,6,0.001139284810051322
C_scene,2,7,0.0018930912483483553
C_scene,2,8,0.00016404385678470135
C_scene,2,9,7.03700352460146e-05
C_scene,2,10,9.900727309286594e-05
C_scene,2,11,0.0005795466713607311
C_scene,2,12,0.00021277298219501972
C_scene,2,13,0.0015551175456494093
C_scene,2,14,0.00014727958478033543
C_scene,2,15,0.00035129301249980927
C_scene,2,16,0.0009011849761009216
C_scene,2,17,0.0003554068971425295
C_scene,2,18,0.0020795271266251802
C_scene,2,19,0.0012111237738281488
C_scene,2,20,0.0029855964239686728
C_scene,2,21,3.368360921740532e-05
C_scene,2,22,0.008427494205534458
C_scene,2,23,0.002187524689361453
C_scene,2,24,0.0007737623527646065
C_scene,2,25,0.00028158468194305897
C_scene,2,26,0.0006713415496051311
C_scene,2,27,0.0017316967714577913
C_scene,2,28,0.0003549868706613779
C_scene,2,29,0.0007223077118396759
C_scene,2,30,0.01736772246658802
C_scene,2,31,0.0021726551931351423
C_scene,3,0,7.997150532901287e-05
C_scene,3,1,0.001482084160670638
C_scene,3,2,2.4206237867474556e-06
C_scene,3,3,0.00013139075599610806
C_scene,3,4,0.0014760494232177734
C_scene,3,5,0.0011975308880209923
C_scene,3,6,0.0005051731131970882
C_scene,3,7,0.00045969150960445404
C_scene,3,8,4.945439286530018e-05
C_scene,3,9,0.0004595876671373844
C_scene,3,10,0.0019513177685439587
C_scene,3,11,0.0015085316263139248
C_scene,3,12,0.0006750829052180052
C_scene,3,13,0.0014582499861717224
C_scene,3,14,0.0014319813344627619
C_scene,3,15,0.0006316003855317831
C_scene,3,16,0.024536699056625366
C_scene,3,17,0.0002316522877663374
C_scene,3,18,0.00100615038536489
C_scene,3,19,0.0005398672074079514
C_scene,3,20,0.00011868949513882399
C_scene,3,21,0.0007274106610566378
C_scene,3,22,0.0019886030349880457
C_scene,3,23,0.0005557441618293524
C_scene,3,24,0.00029176403768360615
C_scene,3,25,0.0007745486218482256
C_scene,3,26,0.0006077017169445753
C_scene,3,27,0.0003426438197493553
C_scene,3,28,0.0005397526547312737
C_scene,3,29,3.228441346436739e-05
C_scene,3,30,0.00032425858080387115
C_scene,3,31,0.0006070621311664581
D_latent,0,0,2036.77880859375
D_latent,0,1,2473.11328125
D_latent,0,2,5376.556640625
D_latent,0,3,74369.6796875
D_latent,0,4,2774.4013671875
D_latent,0,5,24279.841796875
D_latent,0,6,52495.4609375
D_latent,0,7,222280.125
D_latent,0,8,18238.076171875
D_latent,0,9,195.83029174804688
D_latent,0,10,129997.0234375
D_latent,0,11,558.6136474609375
D_latent,0,12,1456.16259765625
D_latent,0,13,1137.2740478515625
D_latent,0,14,1929.740966796875
D_latent,0,15,47426.7890625
D_latent,0,16,5707.82275390625
D_latent,0,17,1582.82421875
D_latent,0,18,475.3011779785156
D_latent,0,19,174334.140625
D_latent,0,20,15558.5703125
D_latent,0,21,14251.8896484375
D_latent,0,22,760.3714599609375
D_latent,0,23,36545.89453125
D_latent,0,24,5910.8154296875
D_latent,0,25,7605.7861328125
D_latent,0,26,130193.09375
D_latent,0,27,3501.086669921875
D_latent,0,28,14091.78125
D_latent,0,29,23345.3515625
D_latent,0,30,428.7638854980469
D_latent,0,31,4750.2509765625
D_latent,1,0,11539.7841796875
D_latent,1,1,490.7757568359375
D_latent,1,2,4284.30712890625
D_latent,1,3,140.29347229003906
D_latent,1,4,1050.920654296875
D_latent,1,5,3430.615478515625
D_latent,1,6,9245.234375
D_latent,1,7,10986.0712890625
D_latent,1,8,365.6915283203125
D_latent,1,9,33.0322380065918
D_latent,1,10,40.71298599243164
D_latent,1,11,12985.3740234375
D_latent,1,12,4703.65771484375
D_latent,1,13,176.85580444335938
D_latent,1,14,84.23429107666016
D_latent,1,15,1169.3624267578125
D_latent,1,16,33.119346618652344
D_latent,1,17,6956.11328125
D_latent,1,18,11258.7158203125
D_latent,1,19,13567.001953125
D_latent,1,20,65546.5546875
D_latent,1,21,1997.328369140625
D_latent,1,22,19161.6015625
D_latent,1,23,3775.585205078125
D_latent,1,24,7994.03955078125
D_latent,1,25,4936.64306640625
D_latent,1,26,324.50982666015625
D_latent,1,27,1681.9541015625
D_latent,1,28,2882.9775390625
D_latent,1,29,9143.8544921875
D_latent,1,30,36262.21484375
D_latent,1,31,2800.80517578125
D_latent,2,0,106.06541442871094
D_latent,2,1,42212.1953125
D_latent,2,2,0.582603394985199
D_latent,2,3,2278.077392578125
D_latent,2,4,1729.6439208984375
D_latent,2,5,38.66915512084961
D_latent,2,6,3129.699462890625
D_latent,2,7,93.05569458007812
D_latent,2,8,10111.7666015625
D_latent,2,9,3577.327392578125
D_latent,2,10,34970.58984375
D_latent,2,11,1666.069580078125
D_latent,2,12,41467.40234375
D_latent,2,13,7.399311065673828
D_latent,2,14,11613.140625
D_latent,2,15,602.5464477539062
D_latent,2,16,188.35440063476562
D_latent,2,17,4844.0986328125
D_latent,2,18,7692.60595703125
D_latent,2,19,3942.38134765625
D_latent,2,20,84563.203125
D_latent,2,21,7660.271484375
D_latent,2,22,17690.529296875
D_latent,2,23,261.11688232421875
D_latent,2,24,2164.4560546875
D_latent,2,25,3136.3701171875
D_latent,2,26,13.62083911895752
D_latent,2,27,1613.5904541015625
D_latent,2,28,10037.4853515625
D_latent,2,29,3120.610107421875
D_latent,2,30,38.689170837402344
D_latent,2,31,11335.310546875
D_latent,3,0,4809.970703125
D_latent,3,1,903.1941528320312
D_latent,3,2,1499.322509765625
D_latent,3,3,2269.118896484375
D_latent,3,4,4864.49267578125
D_latent,3,5,6725.73779296875
D_latent,3,6,5752.55029296875
D_latent,3,7,2548.572509765625
D_latent,3,8,6991.03369140625
D_latent,3,9,246.91162109375
D_latent,3,10,13919.6923828125
D_latent,3,11,3763.270263671875
D_latent,3,12,451.09930419921875
D_latent,3,13,17.017318725585938
D_latent,3,14,42097.55859375
D_latent,3,15,1587.189208984375
D_latent,3,16,1815.0364990234375
D_latent,3,17,6451.20703125
D_latent,3,18,163.1780548095703
D_latent,3,19,5623.86669921875
D_latent,3,20,3163.810546875
D_latent,3,21,1738.2021484375
D_latent,3,22,220.3505401611328
D_latent,3,23,1150.8629150390625
D_latent,3,24,8091.09619140625
D_latent,3,25,29007.0703125
D_latent,3,26,452.4476623535156
D_latent,3,27,11084.6083984375
D_latent,3,28,377.2999267578125
D_latent,3,29,353.1031188964844
D_latent,3,30,17048.7578125
D_latent,3,31,8016.73681640625
