seed,vs,horizon,delta_px,b_worse_frac
0,A_recon,1,-0.18352898955345154,0.38466666666666666
0,A_recon,2,-0.17737260460853577,0.35933333333333334
0,A_recon,3,-0.15373235940933228,0.38666666666666666
0,A_recon,4,-0.12726342678070068,0.418
0,A_recon,5,-0.11048265546560287,0.43666666666666665
0,A_recon,6,-0.10194583237171173,0.45
0,A_recon,7,-0.10300852358341217,0.452
0,A_recon,8,-0.09810687601566315,0.45
0,A_recon,9,-0.07978817075490952,0.462
0,A_recon,10,-0.07453092932701111,0.4633333333333333
0,A_recon,11,-0.06996099650859833,0.472
0,A_recon,12,-0.06670131534337997,0.476
0,A_recon,13,-0.06789042800664902,0.4666666666666667
0,A_recon,14,-0.06862223148345947,0.47533333333333333
0,A_recon,15,-0.06048428267240524,0.472
0,A_recon,16,-0.05787455290555954,0.47533333333333333
0,A_recon,17,-0.0555998720228672,0.476
0,A_recon,18,-0.04876864701509476,0.48133333333333334
0,A_recon,19,-0.04093838855624199,0.482
0,A_recon,20,-0.0315159372985363,0.486
0,A_recon,21,-0.024899756535887718,0.48733333333333334
0,A_recon,22,-0.020679550245404243,0.49
0,A_recon,23,-0.01353312935680151,0.49466666666666664
0,A_recon,24,-0.010653464123606682,0.5
0,A_recon,25,0.0012531192041933537,0.5046666666666667
0,C_scene,1,-0.13945025205612183,0.424
0,C_scene,2,-0.23239992558956146,0.3606666666666667
0,C_scene,3,-0.2533537745475769,0.35733333333333334
0,C_scene,4,-0.2508503198623657,0.37666666666666665
0,C_scene,5,-0.26004746556282043,0.38533333333333336
0,C_scene,6,-0.27482104301452637,0.3893333333333333
0,C_scene,7,-0.2978931665420532,0.38666666666666666
0,C_scene,8,-0.30084189772605896,0.39
0,C_scene,9,-0.3019062578678131,0.39266666666666666
0,C_scene,10,-0.3231448531150818,0.3973333333333333
0,C_scene,11,-0.3371460437774658,0.3953333333333333
0,C_scene,12,-0.3538460433483124,0.408
0,C_scene,13,-0.36501213908195496,0.38666666666666666
0,C_scene,14,-0.3745710551738739,0.3933333333333333
0,C_scene,15,-0.3867509365081787,0.4093333333333333
0,C_scene,16,-0.40105485916137695,0.398
0,C_scene,17,-0.41883641481399536,0.3933333333333333
0,C_scene,18,-0.42230546474456787,0.39666666666666667
0,C_scene,19,-0.42805370688438416,0.40066666666666667
0,C_scene,20,-0.4303607642650604,0.408
0,C_scene,21,-0.4422108829021454,0.402
0,C_scene,22,-0.45695653557777405,0.404
0,C_scene,23,-0.4656319320201874,0.4106666666666667
0,C_scene,24,-0.4667993187904358,0.412
0,C_scene,25,-0.464510053396225,0.4206666666666667
0,D_latent,1,-15.763190269470215,0.0
0,D_latent,2,-16.272192001342773,0.0
0,D_latent,3,-16.60811996459961,0.0
0,D_latent,4,-16.866147994995117,0.0006666666666666666
0,D_latent,5,-17.088167190551758,0.0013333333333333333
0,D_latent,6,-17.247346878051758,0.0006666666666666666
0,D_latent,7,-17.368820190429688,0.0006666666666666666
0,D_latent,8,-17.43276596069336,0.0013333333333333333
0,D_latent,9,-17.444822311401367,0.0013333333333333333
0,D_latent,10,-17.413864135742188,0.0013333333333333333
0,D_latent,11,-17.349117279052734,0.004666666666666667
0,D_latent,12,-17.227588653564453,0.004666666666666667
0,D_latent,13,-17.0782413482666,0.004
0,D_latent,14,-16.892324447631836,0.0033333333333333335
0,D_latent,15,-16.701555252075195,0.004666666666666667
0,D_latent,16,-16.499114990234375,0.004666666666666667
0,D_latent,17,-16.291643142700195,0.01
0,D_latent,18,-16.10680389404297,0.008666666666666666
0,D_latent,19,-15.923078536987305,0.011333333333333334
0,D_latent,20,-15.766362190246582,0.011333333333333334
0,D_latent,21,-15.645323753356934,0.014
0,D_latent,22,-15.512471199035645,0.015333333333333332
0,D_latent,23,-15.381043434143066,0.018666666666666668
0,D_latent,24,-15.265738487243652,0.016666666666666666
0,D_latent,25,-15.157804489135742,0.017333333333333333
1,A_recon,1,-0.06682034581899643,0.436
1,A_recon,2,-0.07955221831798553,0.448
1,A_recon,3,-0.07636088877916336,0.45666666666666667
1,A_recon,4,-0.06427060812711716,0.4746666666666667
1,A_recon,5,-0.05916142091155052,0.47533333333333333
1,A_recon,6,-0.0517270602285862,0.48333333333333334
1,A_recon,7,-0.0616956390440464,0.472
1,A_recon,8,-0.07508192211389542,0.47333333333333333
1,A_recon,9,-0.08402029424905777,0.4593333333333333
1,A_recon,10,-0.08084580302238464,0.47533333333333333
1,A_recon,11,-0.09030991792678833,0.48333333333333334
1,A_recon,12,-0.089365154504776,0.482
1,A_recon,13,-0.08217479288578033,0.4746666666666667
1,A_recon,14,-0.08507668226957321,0.4766666666666667
1,A_recon,15,-0.09279506653547287,0.468
1,A_recon,16,-0.10332383215427399,0.4653333333333333
1,A_recon,17,-0.109763965010643,0.4646666666666667
1,A_recon,18,-0.11050178855657578,0.4726666666666667
1,A_recon,19,-0.10327150672674179,0.4706666666666667
1,A_recon,20,-0.10671169310808182,0.4673333333333333
1,A_recon,21,-0.10906638950109482,0.4653333333333333
1,A_recon,22,-0.11501258611679077,0.4666666666666667
1,A_recon,23,-0.11694032698869705,0.472
1,A_recon,24,-0.1203920915722847,0.476
1,A_recon,25,-0.12901490926742554,0.4686666666666667
1,C_scene,1,-0.12427874654531479,0.41
1,C_scene,2,-0.17393282055854797,0.398
1,C_scene,3,-0.20858724415302277,0.37733333333333335
1,C_scene,4,-0.22642403841018677,0.38066666666666665
1,C_scene,5,-0.23545874655246735,0.384
1,C_scene,6,-0.2424212247133255,0.38866666666666666
1,C_scene,7,-0.25050854682922363,0.396
1,C_scene,8,-0.2518533170223236,0.3973333333333333
1,C_scene,9,-0.24935857951641083,0.412
1,C_scene,10,-0.25270190834999084,0.4093333333333333
1,C_scene,11,-0.26799166202545166,0.4
1,C_scene,12,-0.2743713855743408,0.412
1,C_scene,13,-0.28223371505737305,0.41733333333333333
1,C_scene,14,-0.29752084612846375,0.4186666666666667
1,C_scene,15,-0.31263038516044617,0.4166666666666667
1,C_scene,16,-0.33758431673049927,0.41333333333333333
1,C_scene,17,-0.3496679961681366,0.4
1,C_scene,18,-0.3593006134033203,0.4033333333333333
1,C_scene,19,-0.36977094411849976,0.408
1,C_scene,20,-0.3880141079425812,0.4013333333333333
1,C_scene,21,-0.40025565028190613,0.4
1,C_scene,22,-0.4083806574344635,0.4026666666666667
1,C_scene,23,-0.4235530495643616,0.4013333333333333
1,C_scene,24,-0.43942007422447205,0.39866666666666667
1,C_scene,25,-0.4514729678630829,0.396
1,D_latent,1,-16.151779174804688,0.002
1,D_latent,2,-16.54327392578125,0.0026666666666666666
1,D_latent,3,-16.848730087280273,0.0013333333333333333
1,D_latent,4,-17.077245712280273,0.0006666666666666666
1,D_latent,5,-17.230274200439453,0.0013333333333333333
1,D_latent,6,-17.33069610595703,0.0026666666666666666
1,D_latent,7,-17.395126342773438,0.0026666666666666666
1,D_latent,8,-17.417675018310547,0.0026666666666666666
1,D_latent,9,-17.394866943359375,0.002
1,D_latent,10,-17.295082092285156,0.0033333333333333335
1,D_latent,11,-17.135366439819336,0.0033333333333333335
1,D_latent,12,-16.94338035583496,0.004
1,D_latent,13,-16.714750289916992,0.0033333333333333335
1,D_latent,14,-16.490678787231445,0.005333333333333333
1,D_latent,15,-16.275293350219727,0.004666666666666667
1,D_latent,16,-16.078231811523438,0.006666666666666667
1,D_latent,17,-15.90919017791748,0.008
1,D_latent,18,-15.752700805664062,0.01
1,D_latent,19,-15.61159896850586,0.010666666666666666
1,D_latent,20,-15.499653816223145,0.011333333333333334
1,D_latent,21,-15.40080451965332,0.010666666666666666
1,D_latent,22,-15.330846786499023,0.011333333333333334
1,D_latent,23,-15.263005256652832,0.012666666666666666
1,D_latent,24,-15.216765403747559,0.015333333333333332
1,D_latent,25,-15.182053565979004,0.016666666666666666
2,A_recon,1,0.19559511542320251,0.596
2,A_recon,2,0.13692258298397064,0.5613333333333334
2,A_recon,3,0.0803360790014267,0.546
2,A_recon,4,0.04443635046482086,0.524
2,A_recon,5,0.01653403230011463,0.5113333333333333
2,A_recon,6,0.00038008944829925895,0.49333333333333335
2,A_recon,7,-0.009282561019062996,0.49066666666666664
2,A_recon,8,-0.010440777987241745,0.4846666666666667
2,A_recon,9,-0.004786566831171513,0.4846666666666667
2,A_recon,10,-0.011057496070861816,0.4866666666666667
2,A_recon,11,-0.027059394866228104,0.482
2,A_recon,12,-0.03246128186583519,0.478
2,A_recon,13,-0.03175453841686249,0.484
2,A_recon,14,-0.025310160592198372,0.4866666666666667
2,A_recon,15,-0.013716635294258595,0.5006666666666667
2,A_recon,16,-0.012001645751297474,0.502
2,A_recon,17,-0.02175905369222164,0.5
2,A_recon,18,-0.02182100899517536,0.49733333333333335
2,A_recon,19,-0.02156798727810383,0.49266666666666664
2,A_recon,20,-0.013620739802718163,0.48933333333333334
2,A_recon,21,-0.004331475589424372,0.498
2,A_recon,22,0.0024242603685706854,0.496
2,A_recon,23,0.021098684519529343,0.49533333333333335
2,A_recon,24,0.04052674025297165,0.49933333333333335
2,A_recon,25,0.06602737307548523,0.5106666666666667
2,C_scene,1,-0.14663416147232056,0.3873333333333333
2,C_scene,2,-0.17610596120357513,0.38666666666666666
2,C_scene,3,-0.2113507241010666,0.36866666666666664
2,C_scene,4,-0.2344077080488205,0.376
2,C_scene,5,-0.254939466714859,0.37466666666666665
2,C_scene,6,-0.26308614015579224,0.38466666666666666
2,C_scene,7,-0.27500373125076294,0.39466666666666667
2,C_scene,8,-0.27440619468688965,0.4013333333333333
2,C_scene,9,-0.27004072070121765,0.4073333333333333
2,C_scene,10,-0.2872184216976166,0.4033333333333333
2,C_scene,11,-0.3062713146209717,0.4026666666666667
2,C_scene,12,-0.3155551254749298,0.406
2,C_scene,13,-0.32452651858329773,0.4033333333333333
2,C_scene,14,-0.3254869282245636,0.4093333333333333
2,C_scene,15,-0.3192789852619171,0.41933333333333334
2,C_scene,16,-0.3134787678718567,0.422
2,C_scene,17,-0.3091041147708893,0.422
2,C_scene,18,-0.30475878715515137,0.43133333333333335
2,C_scene,19,-0.29523685574531555,0.434
2,C_scene,20,-0.28905239701271057,0.44666666666666666
2,C_scene,21,-0.28647539019584656,0.4513333333333333
2,C_scene,22,-0.2865692675113678,0.4493333333333333
2,C_scene,23,-0.27865827083587646,0.4493333333333333
2,C_scene,24,-0.26980724930763245,0.454
2,C_scene,25,-0.25984832644462585,0.4553333333333333
2,D_latent,1,-15.738580703735352,0.0026666666666666666
2,D_latent,2,-16.25193977355957,0.002
2,D_latent,3,-16.678653717041016,0.002
2,D_latent,4,-17.025442123413086,0.0013333333333333333
2,D_latent,5,-17.266218185424805,0.0013333333333333333
2,D_latent,6,-17.42259979248047,0.002
2,D_latent,7,-17.527851104736328,0.0006666666666666666
2,D_latent,8,-17.561140060424805,0.0006666666666666666
2,D_latent,9,-17.52663230895996,0.0013333333333333333
2,D_latent,10,-17.46543312072754,0.0033333333333333335
2,D_latent,11,-17.386064529418945,0.004
2,D_latent,12,-17.27961540222168,0.004666666666666667
2,D_latent,13,-17.147445678710938,0.007333333333333333
2,D_latent,14,-16.974796295166016,0.006
2,D_latent,15,-16.784412384033203,0.008
2,D_latent,16,-16.584840774536133,0.01
2,D_latent,17,-16.389673233032227,0.012
2,D_latent,18,-16.189191818237305,0.01
2,D_latent,19,-16.01065444946289,0.007333333333333333
2,D_latent,20,-15.836468696594238,0.008666666666666666
2,D_latent,21,-15.674818992614746,0.009333333333333334
2,D_latent,22,-15.524200439453125,0.011333333333333334
2,D_latent,23,-15.375028610229492,0.012
2,D_latent,24,-15.225586891174316,0.015333333333333332
2,D_latent,25,-15.075017929077148,0.020666666666666667
3,A_recon,1,0.09023064374923706,0.5793333333333334
3,A_recon,2,0.03425560146570206,0.5406666666666666
3,A_recon,3,0.02251208946108818,0.5146666666666667
3,A_recon,4,0.01738082617521286,0.5213333333333333
3,A_recon,5,0.010306215845048428,0.5286666666666666
3,A_recon,6,-0.01092602126300335,0.5013333333333333
3,A_recon,7,-0.026024851948022842,0.49066666666666664
3,A_recon,8,-0.038269639015197754,0.48333333333333334
3,A_recon,9,-0.03419101983308792,0.476
3,A_recon,10,-0.038038305938243866,0.48
3,A_recon,11,-0.039571940898895264,0.4826666666666667
3,A_recon,12,-0.050655823200941086,0.47933333333333333
3,A_recon,13,-0.057707615196704865,0.4746666666666667
3,A_recon,14,-0.05552641302347183,0.4766666666666667
3,A_recon,15,-0.06599999219179153,0.47533333333333333
3,A_recon,16,-0.06386125832796097,0.478
3,A_recon,17,-0.06860488653182983,0.4726666666666667
3,A_recon,18,-0.07164362818002701,0.476
3,A_recon,19,-0.0716560035943985,0.488
3,A_recon,20,-0.06419626623392105,0.4866666666666667
3,A_recon,21,-0.05464474856853485,0.49866666666666665
3,A_recon,22,-0.047337088733911514,0.506
3,A_recon,23,-0.03943057730793953,0.504
3,A_recon,24,-0.051414359360933304,0.49266666666666664
3,A_recon,25,-0.04707379266619682,0.49
3,C_scene,1,-0.10228589177131653,0.468
3,C_scene,2,-0.14573770761489868,0.432
3,C_scene,3,-0.1471313238143921,0.442
3,C_scene,4,-0.15760686993598938,0.44866666666666666
3,C_scene,5,-0.16905473172664642,0.44
3,C_scene,6,-0.1935829520225525,0.434
3,C_scene,7,-0.22563093900680542,0.4246666666666667
3,C_scene,8,-0.2453346699476242,0.41533333333333333
3,C_scene,9,-0.25681740045547485,0.4186666666666667
3,C_scene,10,-0.27094194293022156,0.4166666666666667
3,C_scene,11,-0.28483468294143677,0.4066666666666667
3,C_scene,12,-0.302399605512619,0.4086666666666667
3,C_scene,13,-0.3220512866973877,0.4106666666666667
3,C_scene,14,-0.33494213223457336,0.406
3,C_scene,15,-0.3454100489616394,0.4073333333333333
3,C_scene,16,-0.34796497225761414,0.4166666666666667
3,C_scene,17,-0.378577321767807,0.4126666666666667
3,C_scene,18,-0.40340477228164673,0.4106666666666667
3,C_scene,19,-0.41664478182792664,0.4126666666666667
3,C_scene,20,-0.4131024181842804,0.41733333333333333
3,C_scene,21,-0.4021173417568207,0.42933333333333334
3,C_scene,22,-0.4132521152496338,0.422
3,C_scene,23,-0.4297386109828949,0.414
3,C_scene,24,-0.4449584186077118,0.41933333333333334
3,C_scene,25,-0.4451651871204376,0.426
3,D_latent,1,-16.130788803100586,0.002
3,D_latent,2,-16.56195068359375,0.0006666666666666666
3,D_latent,3,-16.877044677734375,0.0006666666666666666
3,D_latent,4,-17.151607513427734,0.0006666666666666666
3,D_latent,5,-17.388507843017578,0.0013333333333333333
3,D_latent,6,-17.550561904907227,0.0006666666666666666
3,D_latent,7,-17.616365432739258,0.0013333333333333333
3,D_latent,8,-17.62483787536621,0.0006666666666666666
3,D_latent,9,-17.55857276916504,0.002
3,D_latent,10,-17.460020065307617,0.0033333333333333335
3,D_latent,11,-17.333406448364258,0.004
3,D_latent,12,-17.201316833496094,0.006666666666666667
3,D_latent,13,-17.014564514160156,0.007333333333333333
3,D_latent,14,-16.807912826538086,0.007333333333333333
3,D_latent,15,-16.591400146484375,0.006
3,D_latent,16,-16.356122970581055,0.006666666666666667
3,D_latent,17,-16.132389068603516,0.007333333333333333
3,D_latent,18,-15.931299209594727,0.010666666666666666
3,D_latent,19,-15.732939720153809,0.013333333333333334
3,D_latent,20,-15.559536933898926,0.014666666666666666
3,D_latent,21,-15.407075881958008,0.012
3,D_latent,22,-15.292075157165527,0.012
3,D_latent,23,-15.201427459716797,0.009333333333333334
3,D_latent,24,-15.133474349975586,0.014
3,D_latent,25,-15.057031631469727,0.016
