arm,seed,epoch,task_mse,aux,sec
A_recon,0,1,0.10568016953766346,0.06273526751569339,34.78114366531372
A_recon,0,2,0.08706971692542236,0.049945885670327005,35.81365919113159
A_recon,0,3,0.08736034598024119,0.031242981730472474,39.28528952598572
A_recon,0,4,0.08537457297955241,0.026810551417015847,40.32550859451294
A_recon,0,5,0.06941534720716022,0.023928152596844093,39.877153158187866
A_recon,0,6,0.05000434545356603,0.010773068781764735,40.23593878746033
A_recon,0,7,0.038280208905537925,0.008678130018303082,40.36785650253296
A_recon,0,8,0.033102707959534156,0.008206935189220877,40.46598196029663
A_recon,0,9,0.02495271297881291,0.008061603643000126,40.48957824707031
A_recon,0,10,0.01570141169109515,0.008130541060208565,40.47922205924988
A_recon,0,11,0.008609405474825985,0.007430237828798238,40.48972129821777
A_recon,0,12,0.005800216242537967,0.0072999587448846015,40.452467918395996
A_recon,0,13,0.004267200234434789,0.00727965436609728,40.500505208969116
A_recon,0,14,0.0034709259163632636,0.007017750858462283,40.471461057662964
A_recon,0,15,0.0029946924492140255,0.006806549178214655,40.48694920539856
A_recon,0,16,0.0024891318961246206,0.00672461555915929,40.49255585670471
A_recon,0,17,0.002276930743218621,0.006594689224757964,40.464585304260254
A_recon,0,18,0.00222450599540025,0.006535127415277418,40.49663186073303
A_recon,0,19,0.0019062861739214333,0.006403879395553044,40.48682641983032
A_recon,0,20,0.001814410514530859,0.006312943457271017,40.46744704246521
A_recon,0,21,0.0016949218656269035,0.006319714144670537,40.47775316238403
A_recon,0,22,0.001579457496215279,0.006163210258819163,40.45344257354736
A_recon,0,23,0.00147263403674255,0.006114183453887347,40.49437117576599
A_recon,0,24,0.0014978721141926058,0.006106362922028417,40.47990536689758
A_recon,0,25,0.0013351821315674378,0.006005252085049592,40.459044456481934
A_recon,0,26,0.0017978502312741642,0.006240651532564135,40.487141132354736
A_recon,0,27,0.001282456861060512,0.00593723478682694,40.469178199768066
A_recon,0,28,0.0012470697741567467,0.005929249333262089,40.50513434410095
A_recon,0,29,0.0011706475273794716,0.005945540437962683,40.49016737937927
A_recon,0,30,0.0011403749979633307,0.005876048140981723,40.48162293434143
A_recon,0,31,0.0010741443090539957,0.00588224660272577,40.49270272254944
A_recon,0,32,0.0010335289851008426,0.005873311870908808,40.46642255783081
A_recon,0,33,0.0010581553970474662,0.005803755456803455,40.49989080429077
A_recon,0,34,0.0010592214897596499,0.005885701992415956,40.487345695495605
A_recon,0,35,0.001073973252676383,0.005869239845889665,40.47630977630615
A_recon,0,36,0.0009689886743823687,0.00581008565079953,40.48588728904724
A_recon,0,37,0.0011857845030525433,0.005943508053730641,40.44848871231079
A_recon,0,38,0.0009843110941195239,0.005781103751533443,40.502665758132935
A_recon,0,39,0.0009177134883689827,0.005763629634332444,40.49201583862305
A_recon,0,40,0.0010930660784998466,0.005819607143556433,40.4612181186676
A_recon,0,41,0.0008561623080389662,0.005717307262654815,40.49354696273804
A_recon,0,42,0.0008400955640744152,0.005759481839569551,40.46192908287048
A_recon,0,43,0.0008953810479613908,0.005715222973819999,40.494030475616455
A_recon,0,44,0.0008898640378555726,0.005811157664062367,40.47717547416687
A_recon,0,45,0.0007978290855784767,0.005715826071710104,40.4688982963562
A_recon,0,46,0.0008378138992979768,0.0056871519856421015,40.50080990791321
A_recon,0,47,0.0007953431950660334,0.005722259204568607,40.47360968589783
A_recon,0,48,0.0008657827039271416,0.005794102331579086,40.499523401260376
A_recon,0,49,0.0011244971434020304,0.005939039362904926,40.494952917099
A_recon,0,50,0.0008368407233363195,0.005719423410482705,40.466068983078
A_recon,0,51,0.0011172344335742916,0.006033885325970394,40.48274874687195
A_recon,0,52,0.0007812589922520731,0.005669312546074036,40.45117473602295
A_recon,0,53,0.0007882444388953791,0.005661057219618843,40.50367331504822
A_recon,0,54,0.0008373456110434962,0.005737380218869518,40.49515128135681
A_recon,0,55,0.0007607872567383484,0.005743356610071801,40.474823236465454
A_recon,0,56,0.0007324981443595053,0.005658731734867962,40.48949575424194
A_recon,0,57,0.000783864121850846,0.00572162996866696,40.46546530723572
A_recon,0,58,0.000694119612619813,0.005647403614905973,40.50293040275574
A_recon,0,59,0.0007115732310228937,0.00564899475180677,40.50006318092346
A_recon,0,60,0.0006978179056507846,0.005645980720319564,40.462382316589355
B_task,0,1,0.10535852504628045,0.0,20.862144947052002
B_task,0,2,0.0870613908129079,0.0,20.834582090377808
B_task,0,3,0.08725143960189252,0.0,20.860939264297485
B_task,0,4,0.08689804330822967,0.0,20.843497276306152
B_task,0,5,0.08725266593197982,0.0,20.850022315979004
B_task,0,6,0.08698335263345923,0.0,20.907440423965454
B_task,0,7,0.08175749761895054,0.0,20.90874195098877
B_task,0,8,0.050635348428927716,0.0,20.881389379501343
B_task,0,9,0.03099020304424422,0.0,20.917469263076782
B_task,0,10,0.019396431832796053,0.0,20.923219442367554
B_task,0,11,0.010229881265245024,0.0,20.92412519454956
B_task,0,12,0.006220018541041229,0.0,20.909237146377563
B_task,0,13,0.004116821989771866,0.0,20.904942750930786
B_task,0,14,0.003156578417734376,0.0,20.898537158966064
B_task,0,15,0.0025754923020334295,0.0,20.878714323043823
B_task,0,16,0.00221375869088141,0.0,20.866297245025635
B_task,0,17,0.0017948418681044132,0.0,20.86037015914917
B_task,0,18,0.00156015499600298,0.0,20.871964931488037
B_task,0,19,0.0015222659193178906,0.0,20.88931655883789
B_task,0,20,0.0013754737045105902,0.0,20.879422426223755
B_task,0,21,0.0013149342453938776,0.0,20.86841630935669
B_task,0,22,0.0012375740743231116,0.0,20.859286069869995
B_task,0,23,0.0013472600244096525,0.0,20.842102527618408
B_task,0,24,0.0014916328793679852,0.0,20.84069538116455
B_task,0,25,0.0011643069350005437,0.0,20.851696729660034
B_task,0,26,0.0010736101324991545,0.0,20.84409213066101
B_task,0,27,0.0012519358590777432,0.0,20.83293104171753
B_task,0,28,0.0010957017809795659,0.0,20.850899696350098
B_task,0,29,0.0008888151676815358,0.0,20.87832808494568
B_task,0,30,0.0009788709222838016,0.0,20.844330072402954
B_task,0,31,0.0008716022788402846,0.0,20.832207918167114
B_task,0,32,0.0008600734761871752,0.0,20.85472798347473
B_task,0,33,0.0008616879245632195,0.0,20.85301160812378
B_task,0,34,0.0009764870594067144,0.0,20.855613470077515
B_task,0,35,0.0009465326785132111,0.0,20.84176731109619
B_task,0,36,0.0008244522060045884,0.0,20.880468368530273
B_task,0,37,0.0008112898697921386,0.0,20.90325164794922
B_task,0,38,0.0009337157624984338,0.0,20.896177768707275
B_task,0,39,0.0008683263676218866,0.0,20.875051498413086
B_task,0,40,0.0008889375700770566,0.0,20.84104609489441
B_task,0,41,0.0007496711075960082,0.0,20.822925090789795
B_task,0,42,0.0007907311692612157,0.0,20.7923583984375
B_task,0,43,0.0007872709275467233,0.0,20.809756994247437
B_task,0,44,0.0007891700578121734,0.0,20.787562370300293
B_task,0,45,0.0011735986897422532,0.0,20.779526472091675
B_task,0,46,0.0007803632775210731,0.0,20.771504640579224
B_task,0,47,0.0007285658128759158,0.0,20.755937814712524
B_task,0,48,0.0007056309702983569,0.0,20.75410485267639
B_task,0,49,0.0007427934525323854,0.0,20.7797794342041
B_task,0,50,0.0006818898151063227,0.0,20.813635110855103
B_task,0,51,0.0007369049819230678,0.0,20.828279972076416
B_task,0,52,0.0007452951408811801,0.0,20.861219882965088
B_task,0,53,0.0007428602305784201,0.0,20.851343870162964
B_task,0,54,0.0007306989642702753,0.0,20.887521505355835
B_task,0,55,0.0006708926327216128,0.0,20.883334636688232
B_task,0,56,0.0007266795035407302,0.0,20.832409143447876
B_task,0,57,0.0010686466959582287,0.0,20.789770126342773
B_task,0,58,0.002340348639769391,0.0,20.706658601760864
B_task,0,59,0.0008922914546149384,0.0,20.687779664993286
B_task,0,60,0.0007350887220430499,0.0,20.751549005508423
C_scene,0,1,0.09889271358648936,0.06118654765720878,21.92206645011902
C_scene,0,2,0.08739597164094448,0.04577973276554119,21.87211322784424
C_scene,0,3,0.08740904412808873,0.04550379479215259,21.731428146362305
C_scene,0,4,0.08665822517304193,0.045412301706771054,21.725614547729492
C_scene,0,5,0.08121812405685584,0.043917021891545685,21.670315980911255
C_scene,0,6,0.058247056523604054,0.04457372147589922,21.641417026519775
C_scene,0,7,0.03885865579580977,0.045315529397200974,21.635673761367798
C_scene,0,8,0.027809677157728446,0.04151199004125027,21.654503345489502
C_scene,0,9,0.013813506190975508,0.031942222134343216,21.680003881454468
C_scene,0,10,0.006775698469330867,0.029222013362284218,21.698195934295654
C_scene,0,11,0.004667519647184582,0.02748309157877451,21.68965435028076
C_scene,0,12,0.0036721818642469033,0.026762765122666246,21.71760058403015
C_scene,0,13,0.0029569895732926114,0.025942945143296606,21.803455591201782
C_scene,0,14,0.002693971244817866,0.025816597332734437,21.840046405792236
C_scene,0,15,0.0022812528879426067,0.02522567690660556,21.80409336090088
C_scene,0,16,0.002132579111882175,0.025054811411315485,21.88188886642456
C_scene,0,17,0.0018399268765712069,0.024746006354689598,21.890724420547485
C_scene,0,18,0.0017818660001336997,0.024536745334487586,21.819947957992554
C_scene,0,19,0.001566976134199649,0.024313307522485655,21.876171350479126
C_scene,0,20,0.0014956123916254867,0.024234616042425234,21.83413815498352
C_scene,0,21,0.0013960952762447829,0.02407501338581954,21.829607248306274
C_scene,0,22,0.0013788914407736488,0.02399184180068828,21.8951518535614
C_scene,0,23,0.0012874391561906254,0.023935369481997832,21.899263620376587
C_scene,0,24,0.001381408603351918,0.023948604617977425,21.906885623931885
C_scene,0,25,0.0013851522727193134,0.023947538985382943,21.88128352165222
C_scene,0,26,0.0011543793357088276,0.02377975159989936,21.838696002960205
C_scene,0,27,0.0010947292446092302,0.02374154759482259,21.79617953300476
C_scene,0,28,0.0011256777014794004,0.023710749489033504,21.80807399749756
C_scene,0,29,0.0010568398062051052,0.023655326482618137,21.786423683166504
C_scene,0,30,0.0010256072848625038,0.023539239141557897,21.75733518600464
C_scene,0,31,0.001041912200716546,0.02352192470182975,21.776923656463623
C_scene,0,32,0.0010882343409494275,0.02349220318276258,21.76436972618103
C_scene,0,33,0.0010849071467029197,0.02347083731244008,21.72292709350586
C_scene,0,34,0.0009037480520505813,0.023480961542753948,21.7425274848938
C_scene,0,35,0.0009660289797466248,0.02340591891801783,21.72763729095459
C_scene,0,36,0.001059959456878936,0.023411690811848358,21.74703598022461
C_scene,0,37,0.0008372886195069267,0.023384405787856805,21.750898122787476
C_scene,0,38,0.0009389639377505297,0.023374214524491913,21.767623901367188
C_scene,0,39,0.0008794311856729023,0.023314185884027255,21.754119634628296
C_scene,0,40,0.0015030553601848493,0.023506848385468834,21.738288164138794
C_scene,0,41,0.0008863322111123818,0.023230204691312144,21.760418176651
C_scene,0,42,0.0008000600889014701,0.023151195275464227,21.774619817733765
C_scene,0,43,0.0007963339850816521,0.023162991606763432,21.779712438583374
C_scene,0,44,0.0008299053837877832,0.023150576278567314,21.81203532218933
C_scene,0,45,0.0007206553141475611,0.023071508677232833,21.801000833511353
C_scene,0,46,0.0007308650750755554,0.02311168983578682,21.76374387741089
C_scene,0,47,0.0007594507887482731,0.022998445689500796,21.791796922683716
C_scene,0,48,0.0007593830281014865,0.022951452150231318,21.76030397415161
C_scene,0,49,0.0015072025444602506,0.02345924593863033,21.72579026222229
C_scene,0,50,0.0007793962272227786,0.0229566472449473,21.740246057510376
C_scene,0,51,0.0007151051811108898,0.022900328993619906,21.74678373336792
C_scene,0,52,0.0006984846591616847,0.022822714211153134,21.714603185653687
C_scene,0,53,0.0007198645609952066,0.022827526399244864,21.722757577896118
C_scene,0,54,0.000708730540022121,0.02268628478937206,21.73463535308838
C_scene,0,55,0.0007012355899427174,0.022699378364320313,21.723772525787354
C_scene,0,56,0.0007249701288639612,0.022717194409952277,21.796191215515137
C_scene,0,57,0.0007051015251948099,0.022632474079728127,21.81823468208313
C_scene,0,58,0.0007033532359249269,0.02250742617373665,21.823002099990845
C_scene,0,59,0.0006727058415500713,0.022530707308933848,21.86209750175476
C_scene,0,60,0.0006981897070848694,0.022427493750694253,21.888126373291016
D_latent,0,1,0.09647192087556634,0.08424306224194533,22.09082865715027
D_latent,0,2,0.08729919347734678,2.862032766464446e-06,20.586063623428345
D_latent,0,3,0.08770017042046502,8.359836448064362e-07,20.60635781288147
D_latent,0,4,0.08706217268038363,8.287548239206358e-07,20.592629194259644
D_latent,0,5,0.08718140166075457,8.304365026322643e-07,20.639461994171143
D_latent,0,6,0.08749780750700406,8.26882910587301e-07,20.665711402893066
D_latent,0,7,0.08742675699648403,8.2925797141256e-07,21.10212254524231
D_latent,0,8,0.08687211670691058,8.58897433344975e-07,20.973195552825928
D_latent,0,9,0.08715272269078664,8.301531720246117e-07,20.37475347518921
D_latent,0,10,0.08682870714082605,8.261189830840348e-07,20.394295692443848
D_latent,0,11,0.08703462265077092,8.266007500066865e-07,20.40026068687439
D_latent,0,12,0.0871872077030795,8.28350156298473e-07,20.430078744888306
D_latent,0,13,0.08689852732987631,8.28095240633177e-07,20.42597508430481
D_latent,0,14,0.08687272206658408,8.302949070292968e-07,20.343942165374756
D_latent,0,15,0.08676321334427312,8.311969741910053e-07,20.38527512550354
D_latent,0,16,0.0870961221378474,8.318900281015626e-07,20.31748390197754
D_latent,0,17,0.0871182218903587,8.291428161198513e-07,20.305930376052856
D_latent,0,18,0.08711423378969942,8.285335832440632e-07,20.303505897521973
D_latent,0,19,0.08686864092236474,8.29435477845393e-07,20.321802616119385
D_latent,0,20,0.08704727781670434,2.5497125205577375e-05,20.453752279281616
D_latent,0,21,0.08700084766106946,4.162910902512825e-06,21.130334854125977
D_latent,0,22,0.0869120087119795,7.911017310865039e-07,21.267066955566406
D_latent,0,23,0.08709178900434858,7.914729910193533e-07,21.08930802345276
D_latent,0,24,0.08658515653085141,8.042330947654634e-07,20.943187952041626
D_latent,0,25,0.08671126088925771,7.954004530574821e-07,20.649960041046143
D_latent,0,26,0.08677707373031548,7.935043805944241e-07,20.728052139282227
D_latent,0,27,0.0867429899850062,7.979410656032217e-07,20.79845356941223
D_latent,0,28,0.08668546378612518,8.016649524106037e-07,21.024312019348145
D_latent,0,29,0.08666848071983882,8.046347557767928e-07,20.974830627441406
D_latent,0,30,0.08658499971386932,7.989630067381118e-07,20.804004907608032
D_latent,0,31,0.08685788645276002,7.998867982364356e-07,21.233541011810303
D_latent,0,32,0.0867443344600144,7.979412970371413e-07,21.403457403182983
D_latent,0,33,0.08683414792730695,8.077788586596008e-07,20.598798274993896
D_latent,0,34,0.08669587180373214,8.077644617103596e-07,20.69392704963684
D_latent,0,35,0.08681659036803813,8.119891153531474e-07,20.78883385658264
D_latent,0,36,0.08656575034062068,8.066267704569847e-07,20.689398050308228
D_latent,0,37,0.08675525940599896,8.206386170394623e-07,20.635708332061768
D_latent,0,38,0.08659426344647295,8.136187072220006e-07,20.900469541549683
D_latent,0,39,0.08690895654615902,8.481707026032296e-07,20.664329528808594
D_latent,0,40,0.08654763106079329,1.8287604360369057e-06,20.82545781135559
D_latent,0,41,0.08657056385917324,1.6350707251636517e-06,21.104782581329346
D_latent,0,42,0.08657884411513805,1.1311706554720115e-06,20.683313608169556
D_latent,0,43,0.08666555592346759,1.5266506920852407e-06,20.68317484855652
D_latent,0,44,0.08652614119152229,2.0615391390167914e-06,20.83390164375305
D_latent,0,45,0.08677919457356136,1.9158151995194808e-06,20.793749809265137
D_latent,0,46,0.08657922799743357,2.3956854508220376e-06,20.858081579208374
D_latent,0,47,0.08641004455941063,2.8880684591773128e-06,20.702971696853638
D_latent,0,48,0.08657805302313396,3.936869808014654e-06,20.90816903114319
D_latent,0,49,0.08659362180956773,9.881833225985507e-07,20.905242919921875
D_latent,0,50,0.08654226540100007,6.043598393121318e-06,20.909775495529175
D_latent,0,51,0.08661111639369101,8.822632935334696e-07,20.7002055644989
D_latent,0,52,0.08658423877897717,2.8914936196077267e-06,20.672637224197388
D_latent,0,53,0.08645251171574705,5.005014466113218e-06,20.594688177108765
D_latent,0,54,0.08646934098076253,4.687565997246998e-06,20.635326147079468
D_latent,0,55,0.08650066446335543,1.9598857512565224e-06,20.797537565231323
D_latent,0,56,0.08665677284200986,5.485998112167831e-06,20.849908351898193
D_latent,0,57,0.08638345095373336,1.108136432646591e-06,21.216562032699585
D_latent,0,58,0.0865275568018357,8.387472024515946e-06,20.48304533958435
D_latent,0,59,0.08652084702182383,9.755923111058672e-07,20.359941959381104
D_latent,0,60,0.08656905697924751,5.752708997333468e-06,20.459748029708862
A_recon,1,1,0.10253016287017436,0.06238399707667884,39.742077112197876
A_recon,1,2,0.08667324997839473,0.05154420377775317,39.60026741027832
A_recon,1,3,0.08625837193713301,0.03795150614210537,39.627349853515625
A_recon,1,4,0.08171864590119748,0.029355264512733334,39.815263509750366
A_recon,1,5,0.05458289806154512,0.028063731068479165,39.977917194366455
A_recon,1,6,0.04037531930953264,0.01583647785619611,40.016024112701416
A_recon,1,7,0.032767856205325754,0.00898264530336573,40.186625957489014
A_recon,1,8,0.02445580515389641,0.008340152169001244,40.280765533447266
A_recon,1,9,0.01455495867966896,0.008053879081715076,40.44591045379639
A_recon,1,10,0.008529270577820994,0.0077665890788748155,40.49932408332825
A_recon,1,11,0.005622452191476311,0.007523914488653342,40.37433314323425
A_recon,1,12,0.003896161830717964,0.007137071551932465,40.481560468673706
A_recon,1,13,0.0034196912255581645,0.006992155292426192,40.481921911239624
A_recon,1,14,0.0029018536470608695,0.006876049707421944,40.457425355911255
A_recon,1,15,0.0026519167516934907,0.006770317697720159,40.50889778137207
A_recon,1,16,0.0020699446544139868,0.006620017307189603,40.469258069992065
A_recon,1,17,0.0019863748540436582,0.006479579722508788,40.459956407547
A_recon,1,18,0.0018426009670032986,0.006367871754004487,40.484602212905884
A_recon,1,19,0.0017182531758278077,0.006228501221076364,40.45262050628662
A_recon,1,20,0.0014899400550694693,0.006162114857163813,40.486255407333374
A_recon,1,21,0.0016078799561087397,0.006163789951685993,40.46940875053406
A_recon,1,22,0.0013421026856771537,0.006030451007453459,40.48232388496399
A_recon,1,23,0.0012488602813045006,0.005930266126857272,40.45587110519409
A_recon,1,24,0.001235941995955294,0.005943335110454687,40.47753024101257
A_recon,1,25,0.0012722012158649574,0.0059751759371942,40.5106098651886
A_recon,1,26,0.001249837188100043,0.005861588426688243,40.466184854507446
A_recon,1,27,0.0011681900290395355,0.005846526268647895,40.491393089294434
A_recon,1,28,0.0010405430040832254,0.005813335578533865,40.49165487289429
A_recon,1,29,0.0009577607699958164,0.005762164580768773,40.47069549560547
A_recon,1,30,0.0010410890944989486,0.005792947896268396,40.500892639160156
A_recon,1,31,0.0009930965343734161,0.0058236136988160155,40.460103273391724
A_recon,1,32,0.0009433498787638243,0.005736467916341055,40.47429800033569
A_recon,1,33,0.0010351852868639288,0.005825887655928021,40.49468183517456
A_recon,1,34,0.0010165595428718785,0.005769093908990423,40.4468789100647
A_recon,1,35,0.0008923763144550668,0.00573639791192753,40.49799180030823
A_recon,1,36,0.000893795117181504,0.005747006696072363,40.45927858352661
A_recon,1,37,0.0009614627148645619,0.005827566775094185,40.48610186576843
A_recon,1,38,0.0009045993439420792,0.0057237855757453614,40.491511821746826
A_recon,1,39,0.000865114822296337,0.005705663407709272,40.46506333351135
A_recon,1,40,0.0008782373895103644,0.005746834822708652,40.502312898635864
A_recon,1,41,0.0008021078420348377,0.005716711177401954,40.4594464302063
A_recon,1,42,0.001127848213183738,0.0060169812336209275,40.49669647216797
A_recon,1,43,0.0018628389724264188,0.006447773537642899,40.50439405441284
A_recon,1,44,0.0009266092702524648,0.005696284961664961,40.45188021659851
A_recon,1,45,0.0008898899568954394,0.0056992638745300825,40.505544662475586
A_recon,1,46,0.0007739158338933651,0.0056364858977585326,40.47440314292908
A_recon,1,47,0.0007869500328697974,0.005649825314148551,40.484020709991455
A_recon,1,48,0.0007728504272000421,0.005654349823349288,40.502094984054565
A_recon,1,49,0.0007761204047017687,0.005613196059130132,40.466140031814575
A_recon,1,50,0.0007880210143325495,0.005658011916758758,40.50758719444275
A_recon,1,51,0.0007237736489124862,0.005635427704657472,40.462613344192505
A_recon,1,52,0.0007779376520331772,0.005663987149351409,40.49184060096741
A_recon,1,53,0.0007575534234222557,0.005700714875101333,40.49701118469238
A_recon,1,54,0.0007043730473101494,0.005624957526812241,40.46354103088379
A_recon,1,55,0.0007615099048485891,0.005605342287925028,40.500471353530884
A_recon,1,56,0.0007630845731390375,0.00564110132178203,40.46795415878296
A_recon,1,57,0.001044508206957419,0.006107455407757135,40.48407173156738
A_recon,1,58,0.0010296715862794024,0.005814572275128393,40.508185625076294
A_recon,1,59,0.0010718894031708174,0.00585091044749355,40.4735541343689
A_recon,1,60,0.0007606469062877641,0.0055774011693540074,40.5078706741333
B_task,1,1,0.10210085465084939,0.0,20.73785662651062
B_task,1,2,0.08672253299681913,0.0,20.68665075302124
B_task,1,3,0.08625700431210655,0.0,20.669476747512817
B_task,1,4,0.08601329147460915,0.0,20.68354821205139
B_task,1,5,0.08626433045026802,0.0,20.68644642829895
B_task,1,6,0.08616953529417515,0.0,20.68797016143799
B_task,1,7,0.08596396224484557,0.0,20.700027227401733
B_task,1,8,0.07775626029996645,0.0,20.68092632293701
B_task,1,9,0.04785189830831119,0.0,20.598655223846436
B_task,1,10,0.03699605991797788,0.0,20.61870050430298
B_task,1,11,0.027465612028858492,0.0,20.608940362930298
B_task,1,12,0.016944784460411894,0.0,20.60294461250305
B_task,1,13,0.010210840009330284,0.0,20.637079000473022
B_task,1,14,0.00728281007503115,0.0,20.652212858200073
B_task,1,15,0.004504833323326672,0.0,20.646191358566284
B_task,1,16,0.003472041937389544,0.0,20.63381838798523
B_task,1,17,0.0027905342493405832,0.0,20.64675545692444
B_task,1,18,0.002573808429241624,0.0,20.6404070854187
B_task,1,19,0.001955171160045124,0.0,20.630584478378296
B_task,1,20,0.0017055834011573876,0.0,20.649277210235596
B_task,1,21,0.0017744938474303733,0.0,20.654735326766968
B_task,1,22,0.0015975353391175823,0.0,20.649957180023193
B_task,1,23,0.0015171241802385165,0.0,20.64025616645813
B_task,1,24,0.0012705664890485682,0.0,20.64774179458618
B_task,1,25,0.0013278755844415475,0.0,20.65507984161377
B_task,1,26,0.0013882502278734353,0.0,20.656484842300415
B_task,1,27,0.0012079376188228793,0.0,20.65695571899414
B_task,1,28,0.0011886804013989778,0.0,20.659651279449463
B_task,1,29,0.001038795259470741,0.0,20.641921520233154
B_task,1,30,0.001024240155294094,0.0,20.64754343032837
B_task,1,31,0.0013672266594810588,0.0,20.654941082000732
B_task,1,32,0.001128957351847064,0.0,20.625163555145264
B_task,1,33,0.001049659548914947,0.0,20.646158695220947
B_task,1,34,0.0010887992760953715,0.0,20.647050380706787
B_task,1,35,0.0011347900338781376,0.0,20.646599292755127
B_task,1,36,0.0010856574580040096,0.0,20.65616774559021
B_task,1,37,0.0009377165919258481,0.0,20.653728723526
B_task,1,38,0.0009292190342897637,0.0,20.644320726394653
B_task,1,39,0.0008793327676054711,0.0,20.663554906845093
B_task,1,40,0.0009835403637095755,0.0,20.659682750701904
B_task,1,41,0.0009300817265674206,0.0,20.648783206939697
B_task,1,42,0.0010079716206140195,0.0,20.65076994895935
B_task,1,43,0.000877408978080244,0.0,20.65484118461609
B_task,1,44,0.0008362924064775663,0.0,20.647273778915405
B_task,1,45,0.0008190334240983551,0.0,20.649633407592773
B_task,1,46,0.0011705174401868135,0.0,20.648096323013306
B_task,1,47,0.0008172786148775014,0.0,20.649163246154785
B_task,1,48,0.0008203953274503528,0.0,20.62555432319641
B_task,1,49,0.0008633367383264981,0.0,20.65479803085327
B_task,1,50,0.0008044122140355674,0.0,20.646901845932007
B_task,1,51,0.0007621563958569563,0.0,20.650985717773438
B_task,1,52,0.0008294986930975158,0.0,20.651474237442017
B_task,1,53,0.000782102871675133,0.0,20.65825343132019
B_task,1,54,0.0007229642963336248,0.0,20.64682388305664
B_task,1,55,0.0007510197312859375,0.0,20.66301465034485
B_task,1,56,0.0007486315374816989,0.0,20.654271841049194
B_task,1,57,0.0007322662464243227,0.0,20.65289306640625
B_task,1,58,0.0009083633104594247,0.0,20.651143074035645
B_task,1,59,0.000958859199835431,0.0,20.647080898284912
B_task,1,60,0.0007306013285415247,0.0,20.65638780593872
C_scene,1,1,0.09600156279546875,0.06783041216078259,21.922834873199463
C_scene,1,2,0.08658865466713905,0.04573654543076243,21.87289786338806
C_scene,1,3,0.08602449838959035,0.04565690812610444,21.8890163898468
C_scene,1,4,0.07846528548924696,0.04597834528734287,21.90248417854309
C_scene,1,5,0.05462074718837227,0.04620936269029265,21.84982442855835
C_scene,1,6,0.04063940008303949,0.04582326415748823,21.758469104766846
C_scene,1,7,0.03420150852096932,0.04215213377028704,21.78119421005249
C_scene,1,8,0.02525596460327506,0.03366630965666402,21.804398775100708
C_scene,1,9,0.013140014655488943,0.029772977255994364,21.763977766036987
C_scene,1,10,0.007422440369347376,0.027922905582402433,21.690038442611694
C_scene,1,11,0.005151136370841414,0.02668809090253143,21.67532205581665
C_scene,1,12,0.004215869656209612,0.026271162687667778,21.656331300735474
C_scene,1,13,0.0035072493400158627,0.025808127353056556,21.636077404022217
C_scene,1,14,0.0031829987863256108,0.025517355074130353,21.62808895111084
C_scene,1,15,0.002644387371782657,0.02528722934602272,21.65486168861389
C_scene,1,16,0.0023291469884238075,0.02498716801138861,21.689096927642822
C_scene,1,17,0.002229663644573607,0.024861614574633893,21.761950731277466
C_scene,1,18,0.0020562293371074788,0.02468786934124572,21.825191497802734
C_scene,1,19,0.001925946753804705,0.024585470867653687,21.870534658432007
C_scene,1,20,0.0016832539750750932,0.02456334829773931,21.84043264389038
C_scene,1,21,0.0017025526474407386,0.02448453785230716,21.88545036315918
C_scene,1,22,0.0017838756043818734,0.02448210364118928,21.843369483947754
C_scene,1,23,0.001498949030757926,0.02425407132666026,21.82934069633484
C_scene,1,24,0.0014794536137265996,0.024182604603646768,21.893082857131958
C_scene,1,25,0.0015228343365292641,0.024168276316708044,21.881201028823853
C_scene,1,26,0.001357403035009546,0.024123785839903922,21.8988835811615
C_scene,1,27,0.001334110387861507,0.024077810546649352,21.899173259735107
C_scene,1,28,0.001347160286968574,0.024152147650186504,21.875849723815918
C_scene,1,29,0.0012315990378348424,0.02397411529506956,21.836584091186523
C_scene,1,30,0.0012251301557712612,0.023969338475061313,21.891998529434204
C_scene,1,31,0.0012695983646803402,0.023927200119942427,21.884572982788086
C_scene,1,32,0.0011629645561610925,0.023874762046727397,21.837748527526855
C_scene,1,33,0.001089718002254986,0.023912638337129637,21.902528524398804
C_scene,1,34,0.0010902536326154535,0.0238085407985463,21.88935923576355
C_scene,1,35,0.0011554900487507915,0.023833683314954952,21.83012866973877
C_scene,1,36,0.0010184979051007844,0.023768613070604346,21.888485193252563
C_scene,1,37,0.0010637112441361837,0.02369008698899831,21.904504776000977
C_scene,1,38,0.0011266413029737859,0.02368177648722416,21.826724767684937
C_scene,1,39,0.0010193104320760107,0.023715907885205178,21.830915689468384
C_scene,1,40,0.0009355597832750174,0.023573168597760655,21.78595232963562
C_scene,1,41,0.0009706265506489823,0.023676270885126933,21.741724729537964
C_scene,1,42,0.0009540079959801265,0.023687866361190874,21.73232889175415
C_scene,1,43,0.000920349188769857,0.02355590480424109,21.724814653396606
C_scene,1,44,0.0009498195660333815,0.023502247430206763,21.700935125350952
C_scene,1,45,0.0009086405798803927,0.023488077778546584,21.693814277648926
C_scene,1,46,0.0009438594452582212,0.023523045681594384,21.7085018157959
C_scene,1,47,0.0011031343172016065,0.023559620337826864,21.70268177986145
C_scene,1,48,0.000820360826245243,0.023405675088898056,21.7113778591156
C_scene,1,49,0.0007576323211348305,0.02335968850890086,21.724666357040405
C_scene,1,50,0.0010766405134095944,0.023505965979503735,21.707202672958374
C_scene,1,51,0.0008928489308649054,0.02331120374479464,21.72186541557312
C_scene,1,52,0.0008811883169636573,0.02336692526226952,21.72506880760193
C_scene,1,53,0.0008648214820173702,0.023293107881077697,21.692736387252808
C_scene,1,54,0.0007426307648919257,0.023288489141989322,21.6762056350708
C_scene,1,55,0.000716930331518164,0.023193740662896915,21.691932439804077
C_scene,1,56,0.0007368118011592222,0.02321027753697265,21.687657356262207
C_scene,1,57,0.000962273492145219,0.023271672804618164,21.667535543441772
C_scene,1,58,0.0007742287756021445,0.023201340055536656,21.699864625930786
C_scene,1,59,0.0009331745365800868,0.02328041260175052,21.68838143348694
C_scene,1,60,0.0007206175179730746,0.02310034969732875,21.759697198867798
D_latent,1,1,0.09848753895078387,0.15580965604394373,21.427170515060425
D_latent,1,2,0.08692453446842376,7.327299243121117e-06,20.6997811794281
D_latent,1,3,0.08667809604888871,1.1494305948103613e-06,20.98589324951172
D_latent,1,4,0.08639127211201758,1.1403501394809046e-06,21.19593620300293
D_latent,1,5,0.08686279833671592,1.137085332304975e-06,21.134462118148804
D_latent,1,6,0.08688891058166821,1.1533910199410629e-06,21.60616707801819
D_latent,1,7,0.0867400775175719,1.1532234692270192e-06,21.218737363815308
D_latent,1,8,0.08604765745500724,1.1761542627449932e-06,21.208467721939087
D_latent,1,9,0.08640427168990884,1.8960563547157757e-06,20.966233730316162
D_latent,1,10,0.08659191873101961,4.818560706997319e-05,20.555781602859497
D_latent,1,11,0.08617242496638071,1.795644869113338e-06,20.254484176635742
D_latent,1,12,0.08639647164160297,1.1370004935023253e-06,20.33334970474243
D_latent,1,13,0.08671389599995953,1.1429587069804775e-06,20.430030822753906
D_latent,1,14,0.08644942886063031,1.1496896627520636e-06,20.624119520187378
D_latent,1,15,0.08599893021441642,1.1480685398759134e-06,20.24261999130249
D_latent,1,16,0.08614841440603846,1.1466537789114488e-06,20.25597357749939
D_latent,1,17,0.08592365744213264,1.3155384699476122e-06,20.43029546737671
D_latent,1,18,0.08591138314278353,2.1739182329838513e-06,20.489032745361328
D_latent,1,19,0.08658361479285218,1.0636946683462156e-06,20.260826587677002
D_latent,1,20,0.08609941894454616,1.003916638962567e-06,20.21688938140869
D_latent,1,21,0.08600070620221752,1.0059530835416722e-06,20.227041721343994
D_latent,1,22,0.08579380419992265,1.0039393770068187e-06,20.249011754989624
D_latent,1,23,0.08588528092063609,1.0011273865356565e-06,20.238479137420654
D_latent,1,24,0.08591230603910628,1.0074972431355144e-06,20.21934461593628
D_latent,1,25,0.08594975664856888,1.001303035406766e-06,20.23963451385498
D_latent,1,26,0.08595325744577817,1.0041185562602636e-06,20.25824475288391
D_latent,1,27,0.08616811143500465,1.001233075369003e-06,20.222167491912842
D_latent,1,28,0.08599035699097883,1.010352132793525e-06,20.234687566757202
D_latent,1,29,0.08566644637002832,1.009545548364648e-06,20.250752925872803
D_latent,1,30,0.08568232515383334,1.0085881265402868e-06,20.221198081970215
D_latent,1,31,0.08618838677094096,1.0079005877947738e-06,20.232625484466553
D_latent,1,32,0.08597295074945405,1.0157452712584408e-06,20.25202751159668
D_latent,1,33,0.08575721838999362,1.018214114250917e-06,20.29594898223877
D_latent,1,34,0.08565715939870902,1.0174479569968753e-06,20.22539210319519
D_latent,1,35,0.08596690513548397,1.0154399754063498e-06,20.470677137374878
D_latent,1,36,0.0857014585995958,1.0195371272305107e-06,20.259684801101685
D_latent,1,37,0.08570855217320579,1.0249447729479687e-06,20.285812616348267
D_latent,1,38,0.08572108582371757,1.0207011647318204e-06,20.253847122192383
D_latent,1,39,0.08578744601635706,1.0234256670909894e-06,20.421969413757324
D_latent,1,40,0.08573104556472529,1.0283195010851203e-06,20.223276615142822
D_latent,1,41,0.08596388321547281,1.0439696521438064e-06,20.246243476867676
D_latent,1,42,0.08580611353474003,1.0348311082539329e-06,20.264444828033447
D_latent,1,43,0.08586530600275312,1.0357691315849002e-06,20.53386402130127
D_latent,1,44,0.08605523469547431,1.048257397244578e-06,20.220072031021118
D_latent,1,45,0.08559511468878814,1.0510475977385102e-06,20.24492120742798
D_latent,1,46,0.0856953404311623,1.0448562145863132e-06,20.242456674575806
D_latent,1,47,0.08562267651515347,1.0499985307887982e-06,20.22589921951294
D_latent,1,48,0.0857148723942893,1.0518272986138028e-06,20.237966299057007
D_latent,1,49,0.08576259345170997,1.0524937335633564e-06,20.454285383224487
D_latent,1,50,0.08554117594446455,1.0807690522423876e-06,20.410486936569214
D_latent,1,51,0.08581788935476825,1.0629932137903996e-06,20.942452669143677
D_latent,1,52,0.08574955183125678,1.144548187696836e-06,20.2603178024292
D_latent,1,53,0.08584584969849814,1.3203463431582782e-06,20.22277593612671
D_latent,1,54,0.08576515246005285,1.2493465452020506e-06,20.22255253791809
D_latent,1,55,0.08565900217564333,1.7103448173083096e-06,20.247796773910522
D_latent,1,56,0.0856195136549927,1.9191241253089347e-06,20.244407415390015
D_latent,1,57,0.08566312208062127,1.7968048199788557e-06,20.228394985198975
D_latent,1,58,0.08571784180544671,2.212401156498345e-06,20.236045598983765
D_latent,1,59,0.08565487659403256,1.6495781299649285e-06,20.24324941635132
D_latent,1,60,0.08566625309841973,2.5558820130386482e-06,20.221081256866455
A_recon,2,1,0.09859930191721235,0.06268420691291492,40.18535494804382
A_recon,2,2,0.08754746748932771,0.05138024696636768,40.3234224319458
A_recon,2,3,0.0866941994144803,0.033530963407385914,40.414467096328735
A_recon,2,4,0.08615878082457043,0.02722990033882005,40.43429517745972
A_recon,2,5,0.076452029780263,0.023627603404401315,40.42195224761963
A_recon,2,6,0.05056405373449836,0.010625046578102879,40.44163727760315
A_recon,2,7,0.038565926919026036,0.009125139852542253,40.474546670913696
A_recon,2,8,0.03181201813831216,0.008161164448773931,40.43742513656616
A_recon,2,9,0.022367613622918725,0.007917144357980717,40.473602294921875
A_recon,2,10,0.012031933082090248,0.007924444746181723,40.46640920639038
A_recon,2,11,0.006428208382290211,0.007499344907479272,40.510830879211426
A_recon,2,12,0.004331910614079486,0.007104871639360984,40.45290184020996
A_recon,2,13,0.003749571485622298,0.006992464164449345,40.49085593223572
A_recon,2,14,0.002815640190549727,0.006793239730454627,40.46884298324585
A_recon,2,15,0.0024757181222195782,0.006764095526055566,40.49014854431152
A_recon,2,16,0.002503565854914043,0.006669723373349933,40.48221564292908
A_recon,2,17,0.002243726525367016,0.00652344137363668,40.46649527549744
A_recon,2,18,0.001965389650736359,0.006444575104285919,40.508307695388794
A_recon,2,19,0.00181577509058462,0.006313126900100282,40.48086380958557
A_recon,2,20,0.0015730267969913604,0.006236361117944831,40.48526358604431
A_recon,2,21,0.0015447123649729682,0.006178665778688377,40.48720169067383
A_recon,2,22,0.0016079141295492825,0.0061564453644678,40.45862174034119
A_recon,2,23,0.0013498968272913424,0.0060567237946781375,40.507856607437134
A_recon,2,24,0.0014464265716794347,0.006154110394639983,40.47891163825989
A_recon,2,25,0.0013569117186956906,0.006044789017843348,40.498143672943115
A_recon,2,26,0.0011779252249869473,0.005948848662055319,40.50458526611328
A_recon,2,27,0.0012019720861211507,0.005929752757462363,40.465272426605225
A_recon,2,28,0.0011469889841031371,0.005929348214219014,40.504191637039185
A_recon,2,29,0.0010318853726078356,0.00593344952046339,40.492918491363525
A_recon,2,30,0.0010475292095049684,0.005903812524463449,40.46339273452759
A_recon,2,31,0.0009821842139076796,0.005833374242120911,40.4828155040741
A_recon,2,32,0.0009259256302833645,0.005835953739560431,40.46293067932129
A_recon,2,33,0.0010059885334201333,0.00588173582772946,40.49343419075012
A_recon,2,34,0.0010227749645266506,0.006012280321946102,40.48849177360535
A_recon,2,35,0.0008978537842354161,0.005748572465520175,40.49278664588928
A_recon,2,36,0.0009115671848468039,0.005732013527969164,40.495949268341064
A_recon,2,37,0.0008688908516584585,0.005764244384841905,40.46756362915039
A_recon,2,38,0.0009714610239912179,0.005888055949028404,40.49986457824707
A_recon,2,39,0.0009730564280679184,0.005910329276784545,40.440473794937134
A_recon,2,40,0.000858980357796619,0.005693590955897456,40.38914489746094
A_recon,2,41,0.0008105289432153638,0.0057314240562153,40.399792194366455
A_recon,2,42,0.000844610658186,0.005704158501300428,40.44617319107056
A_recon,2,43,0.0009681961978674822,0.0057932518788480335,40.451056480407715
A_recon,2,44,0.0008897302967462954,0.005738693533376569,40.49346733093262
A_recon,2,45,0.0008136683242073992,0.005682127505895637,40.4856915473938
A_recon,2,46,0.0007914812775284407,0.0056632204269546835,40.511577129364014
A_recon,2,47,0.0007903724382187994,0.005708482792778384,40.46355628967285
A_recon,2,48,0.000767514284234494,0.005724499257104028,40.5052604675293
A_recon,2,49,0.0007916089165345987,0.005899226941567447,40.48372220993042
A_recon,2,50,0.0007941443251357192,0.005689871807893117,40.46655869483948
A_recon,2,51,0.0007436756935757806,0.005637854692481813,40.49201440811157
A_recon,2,52,0.0007898641682307547,0.005640559569222941,40.452083587646484
A_recon,2,53,0.0015626353914350538,0.006410304124334029,40.50892996788025
A_recon,2,54,0.0008768336403937567,0.0056575713291143375,40.49183249473572
A_recon,2,55,0.0007227736277855001,0.005629915927004602,40.497071266174316
A_recon,2,56,0.0006919480968333248,0.005590978710513029,40.50393009185791
A_recon,2,57,0.0007163599234661975,0.0056072563775593325,40.46924138069153
A_recon,2,58,0.0008925993447302885,0.005735512656558838,40.51040482521057
A_recon,2,59,0.0007105966797098517,0.005600475002124551,40.4819757938385
A_recon,2,60,0.0007175710260136319,0.005589336883054958,40.475579500198364
B_task,2,1,0.09845247474454698,0.0,20.782544136047363
B_task,2,2,0.0871685662617286,0.0,20.748791933059692
B_task,2,3,0.08648304721074444,0.0,20.734594345092773
B_task,2,4,0.08655350318267233,0.0,20.75643801689148
B_task,2,5,0.0865720466134094,0.0,20.70044445991516
B_task,2,6,0.08598133868404798,0.0,20.720255613327026
B_task,2,7,0.06647059995503653,0.0,20.76922059059143
B_task,2,8,0.0367830669551733,0.0,20.76768469810486
B_task,2,9,0.022190435833874204,0.0,20.782044410705566
B_task,2,10,0.011389996656881911,0.0,20.767838954925537
B_task,2,11,0.006508974729859758,0.0,20.752055883407593
B_task,2,12,0.004067745040326069,0.0,20.727062225341797
B_task,2,13,0.0031766183785207217,0.0,20.713907957077026
B_task,2,14,0.0022691734900165883,0.0,20.728867292404175
B_task,2,15,0.001918284093595243,0.0,20.71471881866455
B_task,2,16,0.001687000900606758,0.0,20.724716663360596
B_task,2,17,0.001643460645850393,0.0,20.727322340011597
B_task,2,18,0.001493074882697935,0.0,20.74843978881836
B_task,2,19,0.0012725336612978329,0.0,20.771279335021973
B_task,2,20,0.0011554391738692565,0.0,20.787545680999756
B_task,2,21,0.001317407545727855,0.0,20.792210578918457
B_task,2,22,0.0011772130355460657,0.0,20.79306197166443
B_task,2,23,0.0010041234705741296,0.0,20.792662620544434
B_task,2,24,0.0010354014909050118,0.0,20.80761981010437
B_task,2,25,0.0009640939263460625,0.0,20.822158813476562
B_task,2,26,0.0010681904248139333,0.0,20.822574138641357
B_task,2,27,0.0009391440953116952,0.0,20.823100566864014
B_task,2,28,0.0009932710478703182,0.0,20.844702005386353
B_task,2,29,0.0009096244632798646,0.0,20.86058807373047
B_task,2,30,0.0008707791511412887,0.0,20.846076726913452
B_task,2,31,0.0014205622206819022,0.0,20.853726863861084
B_task,2,32,0.0010310663956694217,0.0,20.83329749107361
B_task,2,33,0.0008251037201955027,0.0,20.83088183403015
B_task,2,34,0.0008591351804733719,0.0,20.817972898483276
B_task,2,35,0.0007703541632508859,0.0,20.820533990859985
B_task,2,36,0.0007917417152341278,0.0,20.81685733795166
B_task,2,37,0.0007108521122496487,0.0,20.813097953796387
B_task,2,38,0.0007499339179568258,0.0,20.80081820487976
B_task,2,39,0.0008715263012120323,0.0,20.809205770492554
B_task,2,40,0.0007142905780624243,0.0,20.803687572479248
B_task,2,41,0.0006714105201397269,0.0,20.8049898147583
B_task,2,42,0.0007156307969818867,0.0,20.78673791885376
B_task,2,43,0.0006955353947844179,0.0,20.80403995513916
B_task,2,44,0.0007031295307180179,0.0,20.80875825881958
B_task,2,45,0.0006819594529501739,0.0,20.782798528671265
B_task,2,46,0.0006973743951502478,0.0,20.79240655899048
B_task,2,47,0.0007812954253971665,0.0,20.805477380752563
B_task,2,48,0.0006758502873015546,0.0,20.776981353759766
B_task,2,49,0.0006844299773330844,0.0,20.781654357910156
B_task,2,50,0.0006184662703335995,0.0,20.78174066543579
B_task,2,51,0.0006291827518171409,0.0,20.779949426651
B_task,2,52,0.0006144662485374803,0.0,20.782243251800537
B_task,2,53,0.0006551580216702339,0.0,20.78403878211975
B_task,2,54,0.0006999718780640425,0.0,20.761911153793335
B_task,2,55,0.0006596677322661327,0.0,20.77789807319641
B_task,2,56,0.0005835253170863282,0.0,20.758081436157227
B_task,2,57,0.0005989422407721923,0.0,20.764408349990845
B_task,2,58,0.0012599080863375483,0.0,20.739461421966553
B_task,2,59,0.0038994548189553563,0.0,20.61832308769226
B_task,2,60,0.0010177761259477674,0.0,20.52973461151123
C_scene,2,1,0.09684439189732075,0.06589996535331011,21.633254766464233
C_scene,2,2,0.08747678879825842,0.04584151674948987,21.629618883132935
C_scene,2,3,0.08646210779746373,0.04528889312808003,21.670323848724365
C_scene,2,4,0.07985556879568667,0.04510877219339212,21.648773908615112
C_scene,2,5,0.055439578635351996,0.04530737167667775,21.589664697647095
C_scene,2,6,0.04182242939159984,0.04224481885986669,21.582924604415894
C_scene,2,7,0.032259656715073755,0.0326986011960322,21.64184069633484
C_scene,2,8,0.016080883775083793,0.029273202288008872,21.658653497695923
C_scene,2,9,0.00817896076478064,0.027702488559519962,21.646059274673462
C_scene,2,10,0.00552209647693893,0.02638658570746581,21.655816316604614
C_scene,2,11,0.004492298525292426,0.02576801163100061,21.674839973449707
C_scene,2,12,0.0039365441992967615,0.025414644607475827,21.642327070236206
C_scene,2,13,0.003227040141133503,0.025049966006051926,21.673303842544556
C_scene,2,14,0.002783284350741832,0.024765234906226397,21.68222403526306
C_scene,2,15,0.002459791712074851,0.024636050021009787,21.656218767166138
C_scene,2,16,0.0023432166698122664,0.024402802543980733,21.708157300949097
C_scene,2,17,0.0021773274541677288,0.024297177015493315,21.710339307785034
C_scene,2,18,0.0019936971103085115,0.024195536638477018,21.683719396591187
C_scene,2,19,0.0016679477689432957,0.023948024758802994,21.688029527664185
C_scene,2,20,0.0016851768208046753,0.023987568360531612,21.658993244171143
C_scene,2,21,0.0015787206967139528,0.023863968971584524,21.642308473587036
C_scene,2,22,0.0015341662275161418,0.023809434801694892,21.617997884750366
C_scene,2,23,0.0014283501146738196,0.02371262971843992,21.584524154663086
C_scene,2,24,0.001496055148198225,0.023794388664620265,21.547791242599487
C_scene,2,25,0.0015538538309989409,0.023677167815289328,21.542545557022095
C_scene,2,26,0.0012249450089820172,0.02359849318773264,21.577446222305298
C_scene,2,27,0.0011914685213317473,0.023512130714065972,21.572118997573853
C_scene,2,28,0.0012562949344837328,0.023467240389436483,21.554073095321655
C_scene,2,29,0.0011551748113041477,0.02351329353682342,21.576358795166016
C_scene,2,30,0.0011619929892254905,0.02338567336222955,21.595184326171875
C_scene,2,31,0.0010247401895910678,0.023422491914104848,21.60401678085327
C_scene,2,32,0.0010469655674006347,0.023288512824191934,21.597498655319214
C_scene,2,33,0.0009377796509181193,0.023280468059792406,21.59902596473694
C_scene,2,34,0.0009833686615041057,0.023277518228583392,21.603813409805298
C_scene,2,35,0.0010466705813693504,0.02328247685606281,21.629996061325073
C_scene,2,36,0.000934585242205122,0.023159066326029244,21.610051155090332
C_scene,2,37,0.0008812431721404815,0.023114356278840984,21.607946395874023
C_scene,2,38,0.0008862463423394642,0.02315645580667825,21.615647792816162
C_scene,2,39,0.000834489282126361,0.02310215262696147,21.635118007659912
C_scene,2,40,0.0008103565737006388,0.02307784000766419,21.626254558563232
C_scene,2,41,0.0008485403924991953,0.02303684882021376,21.622606992721558
C_scene,2,42,0.0009207698506846403,0.02306675079411694,21.61769986152649
C_scene,2,43,0.0008767380606427434,0.023007063217283713,21.6300630569458
C_scene,2,44,0.0007955361312876145,0.02294187176795233,21.642675638198853
C_scene,2,45,0.0007703099552253704,0.022918551273289182,21.636719703674316
C_scene,2,46,0.0008010575547814369,0.022936432311932247,21.621696710586548
C_scene,2,47,0.0007916811065072016,0.022988303364919766,21.639936923980713
C_scene,2,48,0.0007815872931609018,0.022858952260797934,21.655638694763184
C_scene,2,49,0.0007936021477992957,0.022856752410353648,21.660403728485107
C_scene,2,50,0.0007389851172255087,0.02283734923583411,21.648433685302734
C_scene,2,51,0.0010286415012420288,0.02301851464878945,21.65464687347412
C_scene,2,52,0.0012820750181119713,0.0231578477569634,21.62656307220459
C_scene,2,53,0.000773021665130121,0.022779954686051325,21.64668107032776
C_scene,2,54,0.000732212954538963,0.02272324397095612,21.663481950759888
C_scene,2,55,0.0010611675672754202,0.022783755524350063,21.646530151367188
C_scene,2,56,0.000854180607434717,0.022735828223327797,21.628742456436157
C_scene,2,57,0.0007881536210853872,0.022563097000654255,21.673617601394653
C_scene,2,58,0.0006985009074144598,0.022562373229967698,21.67975378036499
C_scene,2,59,0.0006831276086380793,0.022486290051823572,21.64015817642212
C_scene,2,60,0.0006717304481537125,0.022555196059069464,21.642550945281982
D_latent,2,1,0.09566855794262319,0.1223171260527947,21.4734525680542
D_latent,2,2,0.08772486882905166,4.835137371203689e-06,21.034396409988403
D_latent,2,3,0.08677695115052518,6.507175973930706e-07,20.716481685638428
D_latent,2,4,0.08711090825852894,6.154290889390896e-07,20.62268090248108
D_latent,2,5,0.08732060343027115,6.182449498380395e-07,20.56301999092102
D_latent,2,6,0.0871475963365464,6.232602775044359e-07,20.56339716911316
D_latent,2,7,0.08721038362100011,6.250686277147517e-07,20.607316493988037
D_latent,2,8,0.08684354967304639,6.187044828634282e-07,20.551705360412598
D_latent,2,9,0.08707337338654768,6.126892642333544e-07,20.554479360580444
D_latent,2,10,0.08680368099539053,6.120878612001607e-07,20.54834771156311
D_latent,2,11,0.08760674306679339,6.180092858206384e-07,20.604477882385254
D_latent,2,12,0.08701145258687791,6.164208245639288e-07,20.57854723930359
D_latent,2,13,0.08686545402521179,6.198841935840738e-07,20.596922397613525
D_latent,2,14,0.08689637029809612,6.1325550385997e-07,20.594722032546997
D_latent,2,15,0.08684366293961093,6.1604191343923e-07,20.57377004623413
D_latent,2,16,0.08709568663367204,6.413841468938266e-07,20.643187761306763
D_latent,2,17,0.08700257921147914,6.119642575543236e-07,20.666285276412964
D_latent,2,18,0.08671724680988561,6.136123093234519e-07,20.681546688079834
D_latent,2,19,0.08676289004229364,6.129168470113741e-07,20.695805311203003
D_latent,2,20,0.08656143299525693,6.122378571100333e-07,20.69552779197693
D_latent,2,21,0.08683255616398085,6.142310563664719e-07,20.731440544128418
D_latent,2,22,0.0865904978875603,6.142590243436124e-07,20.758668184280396
D_latent,2,23,0.08671517909637519,6.13123589570954e-07,20.779706954956055
D_latent,2,24,0.08636820529188428,6.121630115834315e-07,20.77916121482849
D_latent,2,25,0.08677673189058191,6.180915903541973e-07,20.803364515304565
D_latent,2,26,0.08672311086030234,6.150957679280856e-07,20.887537479400635
D_latent,2,27,0.08663126098967734,6.17681315873142e-07,20.95052742958069
D_latent,2,28,0.08667438095878988,6.151483870012055e-07,20.97166609764099
D_latent,2,29,0.08682645750897271,6.158271390399066e-07,21.047110080718994
D_latent,2,30,0.08669970894143694,6.141101872951064e-07,21.113356351852417
D_latent,2,31,0.08654279909318402,6.17996542744203e-07,21.2570903301239
D_latent,2,32,0.08667156428453468,6.185447843233219e-07,21.39269757270813
D_latent,2,33,0.08654294952395417,6.194035909364478e-07,21.66203022003174
D_latent,2,34,0.08647223668439048,6.447558305245323e-07,21.95149803161621
D_latent,2,35,0.08658977793086142,6.290788236572639e-07,20.90585708618164
D_latent,2,36,0.08656118739218939,6.306680370742123e-07,20.879652976989746
D_latent,2,37,0.08651214314713365,6.314091744267595e-07,20.913138151168823
D_latent,2,38,0.08663927045251642,6.334087279653778e-07,20.99309992790222
D_latent,2,39,0.08657835698908284,6.277781724726256e-07,21.022231578826904
D_latent,2,40,0.08671228605366889,6.532141579809615e-07,21.11026668548584
D_latent,2,41,0.08661694079637527,6.499748995533341e-07,21.1650812625885
D_latent,2,42,0.08666705091794331,9.742391785580583e-07,21.45268201828003
D_latent,2,43,0.0864282123567093,1.2387413605773917e-06,21.596880674362183
D_latent,2,44,0.08652476292280924,2.4248515918164535e-06,21.845964193344116
D_latent,2,45,0.08640922144764945,7.141861295795457e-07,21.897878408432007
D_latent,2,46,0.08635657910434973,2.308701519653022e-06,21.87598705291748
D_latent,2,47,0.08637035363132045,2.260499652520377e-06,21.68145203590393
D_latent,2,48,0.08649737928949651,5.7923444915429305e-06,21.678921699523926
D_latent,2,49,0.08646346034393423,8.206021993557789e-07,21.68295168876648
D_latent,2,50,0.0865267323596137,2.3593997521434825e-06,21.696703672409058
D_latent,2,51,0.08649051712737196,3.8249126823703114e-06,21.637179374694824
D_latent,2,52,0.08652808011642524,4.85989264323702e-06,21.632931232452393
D_latent,2,53,0.08652945900602001,1.5565137168155594e-06,21.523146629333496
D_latent,2,54,0.08651485187666756,6.122516754744754e-06,21.34533715248108
D_latent,2,55,0.08645695793841567,4.932326918703568e-06,21.42133927345276
D_latent,2,56,0.08628321740598906,1.2832631319898133e-06,21.22106122970581
D_latent,2,57,0.08643314756807827,3.792028070257575e-06,21.32069754600525
D_latent,2,58,0.08637229619281632,1.0228449579721027e-05,21.19965696334839
D_latent,2,59,0.08647629370292027,7.135658311848861e-07,21.08273220062256
D_latent,2,60,0.08644778308059488,6.537621254935966e-06,21.089369773864746
A_recon,3,1,0.09597959786298729,0.06285157546933208,40.31971263885498
A_recon,3,2,0.08844638021574133,0.04731959565764382,40.37362742424011
A_recon,3,3,0.08734996643449579,0.030107814729923292,40.4815890789032
A_recon,3,4,0.0761662901246122,0.02742083483774747,40.460060358047485
A_recon,3,5,0.055399952145914234,0.015896726599229232,40.50278449058533
A_recon,3,6,0.04444117839669898,0.009207512396166012,40.46865487098694
A_recon,3,7,0.0375979738088236,0.008562868538623055,40.428521156311035
A_recon,3,8,0.029302082623222044,0.008184122592432513,40.44892382621765
A_recon,3,9,0.01852856814816949,0.008095656881951505,40.453407526016235
A_recon,3,10,0.009831765056809499,0.007787628326609376,40.38076639175415
A_recon,3,11,0.006006241690123542,0.007467395626008511,40.45853590965271
A_recon,3,12,0.004457460292282381,0.007292721869557032,40.42114996910095
A_recon,3,13,0.0035310328793933705,0.007142620100196274,40.49543261528015
A_recon,3,14,0.0028816860257869677,0.0070327273570001125,40.4580454826355
A_recon,3,15,0.0024962068460549097,0.006800193932750041,40.508994579315186
A_recon,3,16,0.0022712270424346485,0.006667403753713838,40.46832823753357
A_recon,3,17,0.0020032191103036027,0.006493939613435595,40.48463582992554
A_recon,3,18,0.001873131037601048,0.006346098335814618,40.50791120529175
A_recon,3,19,0.0016891192894295923,0.006298337896753635,40.4622700214386
A_recon,3,20,0.0017350948127430109,0.006283546077264916,40.500943183898926
A_recon,3,21,0.001467096609606718,0.006068927967654807,40.47759389877319
A_recon,3,22,0.0014520121843642777,0.006060823920138535,40.482839822769165
A_recon,3,23,0.0013751089954028082,0.006023667880245263,40.5137894153595
A_recon,3,24,0.001211499797396495,0.0059225863910147124,40.470399379730225
A_recon,3,25,0.0011609352423831644,0.005936484478990592,40.429699659347534
A_recon,3,26,0.0011086363159674441,0.0058405896249626365,40.37674379348755
A_recon,3,27,0.0016912083485208097,0.006142222111867298,40.252745151519775
A_recon,3,28,0.0012328300196843753,0.005880965424391131,40.239999294281006
A_recon,3,29,0.0010862541073168228,0.005862604832232353,40.24438452720642
A_recon,3,30,0.0009306113996509728,0.005794018296347488,40.125102519989014
A_recon,3,31,0.0009704029182016495,0.00577662032031055,40.24597764015198
A_recon,3,32,0.0009190063858460192,0.005750273121520877,40.23135304450989
A_recon,3,33,0.0009739830864072289,0.005811315018772369,40.14767336845398
A_recon,3,34,0.0008735296626885732,0.005756244179792702,40.17017841339111
A_recon,3,35,0.0008838673377232183,0.005733090874162458,40.21966552734375
A_recon,3,36,0.0009715387478492977,0.0058581069655095535,40.18045449256897
A_recon,3,37,0.0008446068788457307,0.005730250595314871,40.35025143623352
A_recon,3,38,0.0008512114672200932,0.00569670548706892,40.284066915512085
A_recon,3,39,0.0009385851805009658,0.00590608403131011,40.116286754608154
A_recon,3,40,0.0008722063101318088,0.005727741224247785,40.24796509742737
A_recon,3,41,0.0008201366221155262,0.005717631684438814,40.4711492061615
A_recon,3,42,0.000760319258829224,0.005671830892208077,40.49546933174133
A_recon,3,43,0.0007808572305033781,0.005649487022310495,40.38615322113037
A_recon,3,44,0.0007775141628891495,0.005674817970776487,40.435665130615234
A_recon,3,45,0.0007890387939932268,0.005694652730155559,40.39122772216797
A_recon,3,46,0.000731139879679263,0.005679063122009947,40.47799348831177
A_recon,3,47,0.0007552418953439753,0.005731117324016634,40.48769402503967
A_recon,3,48,0.0007842241812752382,0.0057097154924468626,40.49795055389404
A_recon,3,49,0.0007045673202290865,0.005671390321194416,40.45547938346863
A_recon,3,50,0.0007396327030922597,0.005658758454956114,40.50556182861328
A_recon,3,51,0.0007228583452247438,0.005710440859686406,40.46296167373657
A_recon,3,52,0.0007393177934101827,0.005729870349612264,40.46862316131592
A_recon,3,53,0.0006782904716341623,0.0056370099718194636,40.38837146759033
A_recon,3,54,0.0007064622221237403,0.0057499855923067245,40.328534841537476
A_recon,3,55,0.0007247128710982256,0.005624588312847274,40.1612823009491
A_recon,3,56,0.0007046723005173373,0.00565275262730817,40.17488098144531
A_recon,3,57,0.0006948829880760362,0.005629177587772054,40.429476261138916
A_recon,3,58,0.0006520003807963803,0.005596091338832464,40.44201993942261
A_recon,3,59,0.0006846578339935236,0.00565465385027762,40.24251866340637
A_recon,3,60,0.00075961212167472,0.0057036773124266235,40.115445137023926
B_task,3,1,0.0954597865541776,0.0,20.76571822166443
B_task,3,2,0.08834574673147429,0.0,20.735415935516357
B_task,3,3,0.08780361845024995,0.0,20.76737070083618
B_task,3,4,0.0850300703729902,0.0,20.792929887771606
B_task,3,5,0.05580415813961909,0.0,20.837787628173828
B_task,3,6,0.03789448281306596,0.0,20.910481691360474
B_task,3,7,0.02612937960241522,0.0,20.952720403671265
B_task,3,8,0.015408336672754515,0.0,20.939228773117065
B_task,3,9,0.00896006983904434,0.0,20.890480995178223
B_task,3,10,0.005595544863137461,0.0,20.870892763137817
B_task,3,11,0.003932650117868823,0.0,20.828593969345093
B_task,3,12,0.002833938531001054,0.0,20.807878017425537
B_task,3,13,0.002211326695812334,0.0,20.787975788116455
B_task,3,14,0.0018194471582925569,0.0,20.79909586906433
B_task,3,15,0.00166740068345375,0.0,20.816922664642334
B_task,3,16,0.0018720119870046065,0.0,20.83450150489807
B_task,3,17,0.0014458415957744278,0.0,20.83636450767517
B_task,3,18,0.0013410553746368912,0.0,20.842185020446777
B_task,3,19,0.0011519961699377745,0.0,20.873008012771606
B_task,3,20,0.001123221857207162,0.0,20.882867574691772
B_task,3,21,0.0010593242491484575,0.0,20.888816356658936
B_task,3,22,0.001289626853013899,0.0,20.830615997314453
B_task,3,23,0.0012822847811981947,0.0,20.786935567855835
B_task,3,24,0.0010267197018644463,0.0,20.790632724761963
B_task,3,25,0.0009463931582147433,0.0,20.776962280273438
B_task,3,26,0.0009129824549225825,0.0,20.77589988708496
B_task,3,27,0.0009500513877442461,0.0,20.77894425392151
B_task,3,28,0.0009540554650205498,0.0,20.789774417877197
B_task,3,29,0.0009445145648593704,0.0,20.802811861038208
B_task,3,30,0.0008147054932556958,0.0,20.830191373825073
B_task,3,31,0.0008090451370836014,0.0,20.826072692871094
B_task,3,32,0.0007916957935473571,0.0,20.832061767578125
B_task,3,33,0.0007899027529804568,0.0,20.830645322799683
B_task,3,34,0.0007920269078264633,0.0,20.837459087371826
B_task,3,35,0.0007886505689904359,0.0,20.86365818977356
B_task,3,36,0.0007735528724013074,0.0,20.86188530921936
B_task,3,37,0.0007850079404999546,0.0,20.845026969909668
B_task,3,38,0.000805432496625664,0.0,20.858389377593994
B_task,3,39,0.0008231535043922209,0.0,20.878788232803345
B_task,3,40,0.0008186214441333764,0.0,20.877435207366943
B_task,3,41,0.0008169153956086596,0.0,20.838143348693848
B_task,3,42,0.0007269474368686566,0.0,20.843016624450684
B_task,3,43,0.0007566882794933571,0.0,20.859923362731934
B_task,3,44,0.0007160755215279226,0.0,20.8425235748291
B_task,3,45,0.0007495504562809531,0.0,20.826019525527954
B_task,3,46,0.0007438263405458114,0.0,20.797853231430054
B_task,3,47,0.0012690053325578837,0.0,20.75579810142517
B_task,3,48,0.0008529160737193056,0.0,20.70720338821411
B_task,3,49,0.0007475620423931451,0.0,20.729289054870605
B_task,3,50,0.0015856609395649727,0.0,20.678531885147095
B_task,3,51,0.0008243238726641895,0.0,20.737389087677002
B_task,3,52,0.0007471739130172258,0.0,20.8082218170166
B_task,3,53,0.0007140277968054372,0.0,20.848191022872925
B_task,3,54,0.0007123978000544455,0.0,20.813343286514282
B_task,3,55,0.0006724806312593587,0.0,20.760074853897095
B_task,3,56,0.0006870407641621395,0.0,20.725237131118774
B_task,3,57,0.0006675857848243876,0.0,20.705724716186523
B_task,3,58,0.0006986680299243224,0.0,20.690045595169067
B_task,3,59,0.0006602825915684835,0.0,20.689783096313477
B_task,3,60,0.0006589100867997678,0.0,20.722182750701904
C_scene,3,1,0.09967958536886033,0.08490073095474925,21.702264070510864
C_scene,3,2,0.08835772593461332,0.046300917642102354,21.82350730895996
C_scene,3,3,0.08802728177536101,0.04565263779035637,21.78978991508484
C_scene,3,4,0.0876976837004934,0.045324916685266156,21.719510316848755
C_scene,3,5,0.08737141337423097,0.045734526899953686,21.675119161605835
C_scene,3,6,0.08764219984766983,0.045286579722804685,21.633345365524292
C_scene,3,7,0.08708528500227701,0.044906476246459145,21.626066207885742
C_scene,3,8,0.08556596846097991,0.04326229529189212,21.626907110214233
C_scene,3,9,0.07463338017641079,0.04208277631551027,21.586457014083862
C_scene,3,10,0.057247845810793695,0.03822397108056715,21.496857166290283
C_scene,3,11,0.04497405190375589,0.032073416658455416,21.565235376358032
C_scene,3,12,0.0361942487901875,0.0292266524795975,21.597333192825317
C_scene,3,13,0.026667782282900242,0.028484875136720284,21.571887731552124
C_scene,3,14,0.015405921032652259,0.02777232209752713,21.55669403076172
C_scene,3,15,0.008719561078275243,0.02657016029670125,21.56550931930542
C_scene,3,16,0.006770163863187744,0.026228250336966345,21.581722021102905
C_scene,3,17,0.0053087068510995735,0.0258863057409014,21.575562715530396
C_scene,3,18,0.004496916987201465,0.02557904404100208,21.580519914627075
C_scene,3,19,0.003931564048841773,0.02538462799219858,21.54831552505493
C_scene,3,20,0.0034337646322369223,0.025075135264723075,21.581985473632812
C_scene,3,21,0.0033431092437933244,0.025029991864271108,21.58546209335327
C_scene,3,22,0.0029479331846925475,0.024801725876473245,21.56782341003418
C_scene,3,23,0.0028011534055362324,0.02467320276246894,21.54235553741455
C_scene,3,24,0.0026132708312832705,0.02470186348294928,21.571287870407104
C_scene,3,25,0.0022567907054465088,0.02454700722314772,21.57130217552185
C_scene,3,26,0.002150454487751371,0.024460521194019487,21.580246210098267
C_scene,3,27,0.002219649465543972,0.02443194564520603,21.5793137550354
C_scene,3,28,0.0019524450790846632,0.024385188839265277,21.545514822006226
C_scene,3,29,0.0017977297095404495,0.024303986779635862,21.576694011688232
C_scene,3,30,0.0017442559876057896,0.024233102488021057,21.601227521896362
C_scene,3,31,0.0016869433068980773,0.024221911405523617,21.579375743865967
C_scene,3,32,0.0016563165769357944,0.02401865380150931,21.580589532852173
C_scene,3,33,0.001625700674984338,0.02396381593176297,21.601541757583618
C_scene,3,34,0.001570846720521028,0.024029030021102654,21.606211185455322
C_scene,3,35,0.0013573942262501944,0.023960459001717112,21.615471601486206
C_scene,3,36,0.0014111423716669726,0.023941112327433768,21.60925006866455
C_scene,3,37,0.0012895048102585687,0.023907336140317575,21.606101989746094
C_scene,3,38,0.0013738567102423293,0.023902794612305506,21.605672359466553
C_scene,3,39,0.0013461665588519757,0.02379985053890518,21.635690689086914
C_scene,3,40,0.0012291717215529865,0.023739810944313093,21.641908407211304
C_scene,3,41,0.001235355719386245,0.023727234253393754,21.60383892059326
C_scene,3,42,0.0011552584501692937,0.02371708501041645,21.622512102127075
C_scene,3,43,0.0011082180925378843,0.023679117738668407,21.631250858306885
C_scene,3,44,0.0010911323299210164,0.02364099571215255,21.618964195251465
C_scene,3,45,0.0010947122375780185,0.023611721671408133,21.639515161514282
C_scene,3,46,0.0011004502878114138,0.02354979703557633,21.651713848114014
C_scene,3,47,0.001033602162524836,0.023678362879547336,21.63869571685791
C_scene,3,48,0.0009645422881779572,0.023486359643616846,21.653263568878174
C_scene,3,49,0.0009808776196136716,0.023493134882301092,21.632736682891846
C_scene,3,50,0.0011759889658562663,0.023518483841880447,21.63346576690674
C_scene,3,51,0.0009791885053605906,0.023459497927909807,21.65013289451599
C_scene,3,52,0.0010100732130619388,0.023419521638147887,21.639792442321777
C_scene,3,53,0.0008793479577261245,0.02336438780739194,21.633785009384155
C_scene,3,54,0.0008844578107874397,0.023378680837118908,21.652127742767334
C_scene,3,55,0.0008672363280008236,0.023342916875013282,21.65413761138916
C_scene,3,56,0.0008374982336092563,0.023328425850541817,21.652903079986572
C_scene,3,57,0.0008625014237449726,0.02329076990662586,21.654664278030396
C_scene,3,58,0.0008968808674364395,0.02328708495146462,21.65497398376465
C_scene,3,59,0.0008560794466618626,0.023209481588786558,21.662800550460815
C_scene,3,60,0.0008206943554493288,0.023203537267233645,21.644423007965088
D_latent,3,1,0.0981013286149218,0.08875951192749199,22.014341592788696
D_latent,3,2,0.08897870042849154,4.200536373505634e-06,21.981783390045166
D_latent,3,3,0.08820878208747931,8.912944838898727e-07,22.00242519378662
D_latent,3,4,0.08823929123935245,8.74231164835865e-07,21.717845678329468
D_latent,3,5,0.08817588617759091,8.739894524080142e-07,21.822340488433838
D_latent,3,6,0.08812121780855316,8.775157582585095e-07,21.86223340034485
D_latent,3,7,0.08764687916707425,0.00013523963992446126,22.07966136932373
D_latent,3,8,0.08770800044848806,5.737454355339434e-06,21.854037761688232
D_latent,3,9,0.08753825387074834,8.673407551538861e-07,21.54151749610901
D_latent,3,10,0.08771001024260408,8.666827343837386e-07,21.87153434753418
D_latent,3,11,0.08811069954009283,8.645526450090117e-07,21.905874729156494
D_latent,3,12,0.08802735193499497,1.006765987063946e-06,22.017351388931274
D_latent,3,13,0.08800677795495306,2.064078508451097e-06,22.01366949081421
D_latent,3,14,0.08776153579709076,9.152219543498827e-07,21.905670881271362
D_latent,3,15,0.08763636568827289,8.805968082556535e-07,21.95687222480774
D_latent,3,16,0.08770368665101982,8.814899746853587e-07,21.900824546813965
D_latent,3,17,0.08753462880849838,8.82596040696626e-07,21.903452396392822
D_latent,3,18,0.08757181235012554,8.763895703536729e-07,21.73154354095459
D_latent,3,19,0.0876226019823835,8.746636146789959e-07,21.70419430732727
D_latent,3,20,0.08770185877524671,8.748859394407711e-07,21.64514923095703
D_latent,3,21,0.08748303220740386,8.714126177470202e-07,21.563547611236572
D_latent,3,22,0.08733914082958585,8.713081584909603e-07,21.5646071434021
D_latent,3,23,0.08762018240633465,8.710849702505843e-07,21.57719898223877
D_latent,3,24,0.08766685381886505,8.763097858783502e-07,21.473145246505737
D_latent,3,25,0.08757622921395869,8.725450990303736e-07,21.33423924446106
D_latent,3,26,0.08812344908004716,8.710939961734507e-07,21.26982808113098
D_latent,3,27,0.08753741949441887,8.652139640508679e-07,21.122707843780518
D_latent,3,28,0.08748893759080342,8.767159192486707e-07,21.127800703048706
D_latent,3,29,0.08728731991279692,8.692800509466213e-07,21.088672399520874
D_latent,3,30,0.08734839569245066,8.685167581948658e-07,21.05237102508545
D_latent,3,31,0.08736168699605125,8.665372328258465e-07,20.99147653579712
D_latent,3,32,0.08743354509628955,8.710153749580925e-07,21.021488904953003
D_latent,3,33,0.0873411986976862,8.677381427581904e-07,20.982335805892944
D_latent,3,34,0.08764152149004596,8.730900927524826e-07,20.92098593711853
D_latent,3,35,0.08742264729170572,8.673789830297773e-07,20.923741340637207
D_latent,3,36,0.08740716613829136,8.696570757495335e-07,20.910191297531128
D_latent,3,37,0.08754194598822367,8.760935771977615e-07,20.896833658218384
D_latent,3,38,0.08747717276925132,8.728751725227215e-07,21.06508731842041
D_latent,3,39,0.0874808778365453,8.749007836935821e-07,21.04965615272522
D_latent,3,40,0.08739670880493663,8.775887079894216e-07,20.83658790588379
D_latent,3,41,0.08742423541843891,8.830717328172406e-07,20.825637817382812
D_latent,3,42,0.08752613833972386,8.890902321246315e-07,20.839688539505005
D_latent,3,43,0.08731728889757678,8.878380778501846e-07,20.819643259048462
D_latent,3,44,0.08733360664475531,8.964337461120089e-07,21.042802810668945
D_latent,3,45,0.08734977236461072,9.045033244720322e-07,20.834093809127808
D_latent,3,46,0.08723644530844121,9.562133589908973e-07,21.11174726486206
D_latent,3,47,0.08740006724283808,9.117391946184788e-07,20.82388973236084
D_latent,3,48,0.08730259040991466,9.101049124908622e-07,20.839603424072266
D_latent,3,49,0.0872647375577972,9.185310093904437e-07,20.8117516040802
D_latent,3,50,0.08728539535687083,9.318480047275963e-07,20.842522382736206
D_latent,3,51,0.08752848864311263,9.516723020212902e-07,20.861177921295166
D_latent,3,52,0.08734768212196373,9.984315278459343e-07,21.10994791984558
D_latent,3,53,0.08757831892442136,7.871147073230878e-05,21.747446060180664
D_latent,3,54,0.08741934801496211,1.0209007839312973e-06,21.734923362731934
D_latent,3,55,0.08726256899535656,9.799978601319838e-07,21.32714343070984
D_latent,3,56,0.08727041995596319,9.729092760207572e-07,21.299513578414917
D_latent,3,57,0.08730260921376091,9.821027726091069e-07,21.34201741218567
D_latent,3,58,0.08749191720216047,9.75837913247666e-07,21.40363597869873
D_latent,3,59,0.08738247260806106,9.945134043694754e-07,21.43088459968567
D_latent,3,60,0.08730829258759816,1.0037136416399119e-06,21.509185075759888
