model,seed,mse_k1,mse_kH,mse_ratio,r2_k1,r2_kH,r2_drop
A_recon,0,0.9601343870162964,1.2910746335983276,1.3446811728204608,-0.07266616821289062,-0.14359045028686523,0.07092428207397461
A_recon,1,0.06218375638127327,0.12283645570278168,1.9753785047918728,0.9321111440658569,0.8936750888824463,0.038436055183410645
A_recon,2,0.034025851637125015,0.08331422507762909,2.448556643523549,0.9624805450439453,0.9271628260612488,0.03531771898269653
A_recon,3,0.7026140689849854,0.9127441048622131,1.2990689272430698,0.21765148639678955,0.19421565532684326,0.02343583106994629
A_recon,4,0.03423243761062622,0.07781877368688583,2.2732466373568974,0.9625672101974487,0.9325342178344727,0.030032992362976074
B_task,0,1.0258232355117798,1.403057336807251,1.3677379184214622,-0.14605402946472168,-0.24278104305267334,0.09672701358795166
B_task,1,0.24234311282634735,0.32857000827789307,1.3558050172993041,0.7354229688644409,0.7155959606170654,0.01982700824737549
B_task,2,0.05751124396920204,0.12252822518348694,2.130509040094877,0.9365837574005127,0.8928800821304321,0.043703675270080566
B_task,3,0.9871411919593811,1.3595525026321411,1.3772624561776812,-0.09916448593139648,-0.2002335786819458,0.10106909275054932
B_task,4,0.047187842428684235,0.10818272829055786,2.292597472623509,0.9484006762504578,0.9062098860740662,0.0421907901763916
B_task_nopark,0,0.08643707633018494,0.2859255075454712,3.3079035025808983,0.940858006477356,0.8448916673660278,0.09596633911132812
B_task_nopark,1,0.15349559485912323,0.3479406237602234,2.266779213302896,0.8944904804229736,0.810379147529602,0.08411133289337158
B_task_nopark,2,0.18167579174041748,0.3396850824356079,1.8697322256393836,0.8745435476303101,0.8140226602554321,0.06052088737487793
B_task_nopark,3,0.14114883542060852,0.3234357535839081,2.2914518041902645,0.9000713229179382,0.818453848361969,0.08161747455596924
B_task_nopark,4,0.09528231620788574,0.27916479110717773,2.9298699088936875,0.9348458051681519,0.8486522436141968,0.08619356155395508
C_scene,0,0.7822144627571106,1.0134249925613403,1.2955845753468562,0.12610667943954468,0.10234218835830688,0.023764491081237793
C_scene,1,0.23703326284885406,0.32226061820983887,1.3595586304498142,0.7412199974060059,0.7210572957992554,0.02016270160675049
C_scene,2,0.4026063084602356,0.5368110537528992,1.333339896749081,0.556056022644043,0.5306946039199829,0.02536141872406006
C_scene,3,0.9195412993431091,1.2345106601715088,1.342528781527707,-0.023893237113952637,-0.08984482288360596,0.06595158576965332
C_scene,4,0.18400079011917114,0.2744556665420532,1.4916004782604328,0.7987973093986511,0.762057900428772,0.03673940896987915
D_latent,0,0.05000487342476845,0.10060478001832962,2.011899503549148,0.9441343545913696,0.9108876585960388,0.03324669599533081
D_latent,1,0.04690038412809372,0.10639997571706772,2.2686376176892176,0.9487966895103455,0.907902181148529,0.040894508361816406
D_latent,2,0.046399228274822235,0.09987330436706543,2.1524777044893226,0.9488367438316345,0.9126861095428467,0.03615063428878784
D_latent,3,0.8986560106277466,1.259531021118164,1.4015719098549533,-0.0006377696990966797,-0.11193311214447021,0.11129534244537354
D_latent,4,0.047122783958911896,0.09809684753417969,2.081728609661814,0.9484717845916748,0.9149539470672607,0.03351783752441406
D_latent_nopark,0,0.1281863898038864,0.29787352681159973,2.3237531477976665,0.9122922420501709,0.8384101390838623,0.0738821029663086
D_latent_nopark,1,0.08609625697135925,0.2528233528137207,2.9365196781763094,0.9408193230628967,0.8622162342071533,0.07860308885574341
D_latent_nopark,2,0.09036600589752197,0.20533382892608643,2.2722463705980513,0.9375976324081421,0.8875798583030701,0.05001777410507202
D_latent_nopark,3,0.12515868246555328,0.23339487612247467,1.8647917309828714,0.9113918542861938,0.8689942359924316,0.04239761829376221
D_latent_nopark,4,0.08328478783369064,0.2119975984096527,2.5454540249653457,0.9430497288703918,0.885066568851471,0.0579831600189209
chance,0,0.8966736197471619,1.1394624710083008,1.2707661359878066,-0.0017676353454589844,-0.009297609329223633,0.0075299739837646484
chance,1,0.9167527556419373,1.1687105894088745,1.2748372799714236,-0.0008608102798461914,-0.011613965034484863,0.010753154754638672
chance,2,0.9085805416107178,1.154244065284729,1.2703816694538743,-0.0018690824508666992,-0.00909423828125,0.007225155830383301
chance,3,0.9003390669822693,1.1417607069015503,1.268145245244629,-0.0025118589401245117,-0.00796365737915039,0.005451798439025879
chance,4,0.9150101542472839,1.1681793928146362,1.276684621905226,-0.0005527734756469727,-0.012764930725097656,0.012212157249450684
colourblind_true,0,0.589309573173523,0.7982982993125916,1.354633176945747,0.34162086248397827,0.292894184589386,0.048726677894592285
colourblind_true,1,0.6030523180961609,0.8169153928756714,1.354634363158867,0.3416202664375305,0.2928934097290039,0.04872685670852661
colourblind_true,2,0.5970739126205444,0.8088157176971436,1.354632484523179,0.341621458530426,0.29289543628692627,0.048726022243499756
colourblind_true,3,0.5912794470787048,0.8009633421897888,1.354627403585657,0.34162062406539917,0.29289740324020386,0.04872322082519531
colourblind_true,4,0.6020913124084473,0.8156124353408813,1.3546324594492496,0.3416202664375305,0.292896568775177,0.048723697662353516
hold_current,0,0.00508277490735054,0.5666904449462891,111.49233544195714,0.9943215250968933,0.4980446696281433,0.49627685546875
hold_current,1,0.005201324820518494,0.5799064636230469,111.49206858517998,0.9943214654922485,0.49804383516311646,0.4962776303291321
hold_current,2,0.005149749107658863,0.5741565823554993,111.49214657886851,0.9943215250968933,0.4980454444885254,0.4962760806083679
hold_current,3,0.005099770147353411,0.5685839653015137,111.49207687263855,0.9943214654922485,0.4980454444885254,0.49627602100372314
hold_current,4,0.005193042568862438,0.5789834856987,111.49215089633459,0.9943214654922485,0.4980444312095642,0.4962770342826843
