seed,model,horizon,mse,r2,pred_spread_ratio
0,A_recon,0,0.7760211825370789,0.114901602268219,0.5467847585678101
0,A_recon,1,0.7918500900268555,0.11534172296524048,0.5457189083099365
0,A_recon,2,0.8057952523231506,0.11736637353897095,0.5475772619247437
0,A_recon,3,0.8212000727653503,0.1177988052368164,0.551584780216217
0,A_recon,4,0.8386244773864746,0.1160123348236084,0.5558691024780273
0,A_recon,5,0.8535679578781128,0.1166871190071106,0.5588634014129639
0,A_recon,6,0.8698704838752747,0.11616003513336182,0.5614328384399414
0,A_recon,7,0.887217104434967,0.11437857151031494,0.5644185543060303
0,A_recon,8,0.9013408422470093,0.11522883176803589,0.5669412016868591
0,A_recon,9,0.9164493680000305,0.11492818593978882,0.5697479844093323
0,A_recon,10,0.9320398569107056,0.1139480471611023,0.5728247165679932
0,A_recon,11,0.945497453212738,0.1147005558013916,0.5753774642944336
0,A_recon,12,0.9600211977958679,0.11431121826171875,0.578244149684906
0,A_recon,13,0.9746134877204895,0.11359018087387085,0.581425130367279
0,A_recon,14,0.9868831634521484,0.11451929807662964,0.5841215252876282
0,A_recon,15,0.999588131904602,0.11459845304489136,0.5874941945075989
0,B_task,0,0.0610261969268322,0.9303959608078003,0.9568639397621155
0,B_task,1,0.06326700747013092,0.929317831993103,0.9541776776313782
0,B_task,2,0.06606970727443695,0.9276300668716431,0.955747663974762
0,B_task,3,0.06975709646940231,0.9250611662864685,0.9573423266410828
0,B_task,4,0.0739290863275528,0.9220719337463379,0.9585326313972473
0,B_task,5,0.07810212671756744,0.9191762208938599,0.9596306085586548
0,B_task,6,0.0831657275557518,0.915498673915863,0.9603328704833984
0,B_task,7,0.08832897990942001,0.9118298888206482,0.9607935547828674
0,B_task,8,0.09288756549358368,0.9088200330734253,0.9613614082336426
0,B_task,9,0.0979597270488739,0.9053942561149597,0.96195387840271
0,B_task,10,0.10344928503036499,0.9016550183296204,0.9622727632522583
0,B_task,11,0.10862927883863449,0.8982869386672974,0.9622534513473511
0,B_task,12,0.11405586451292038,0.8947752118110657,0.9620181918144226
0,B_task,13,0.11962465941905975,0.8912014961242676,0.9614381194114685
0,B_task,14,0.12462479621171951,0.8881804347038269,0.9604743123054504
0,B_task,15,0.12920144200325012,0.8855577111244202,0.9594793319702148
0,C_scene,0,0.9533711075782776,-0.08737647533416748,0.715060293674469
0,C_scene,1,0.9839001893997192,-0.09921741485595703,0.7224521636962891
0,C_scene,2,1.0131423473358154,-0.10975277423858643,0.7332073450088501
0,C_scene,3,1.0418334007263184,-0.11922383308410645,0.742251992225647
0,C_scene,4,1.0711249113082886,-0.129064679145813,0.7510067820549011
0,C_scene,5,1.0983995199203491,-0.13667631149291992,0.7580158710479736
0,C_scene,6,1.126203179359436,-0.14428913593292236,0.7632660269737244
0,C_scene,7,1.1536266803741455,-0.15155184268951416,0.7679803371429443
0,C_scene,8,1.1781303882598877,-0.1564723253250122,0.7716076970100403
0,C_scene,9,1.2020666599273682,-0.1609100103378296,0.7742832899093628
0,C_scene,10,1.226088285446167,-0.16559171676635742,0.7773275375366211
0,C_scene,11,1.2480156421661377,-0.16855692863464355,0.7798358201980591
0,C_scene,12,1.2694151401519775,-0.1711270809173584,0.7820298671722412
0,C_scene,13,1.2903493642807007,-0.17357122898101807,0.7847493886947632
0,C_scene,14,1.30885648727417,-0.17437124252319336,0.7871075868606567
0,C_scene,15,1.326507568359375,-0.17497575283050537,0.7895287871360779
0,D_latent,0,0.04094123840332031,0.9533040523529053,0.961933434009552
0,D_latent,1,0.04190666228532791,0.9531816840171814,0.9587875604629517
0,D_latent,2,0.04370631277561188,0.9521259665489197,0.9604524374008179
0,D_latent,3,0.046492137014865875,0.9500542879104614,0.9624606370925903
0,D_latent,4,0.04930175840854645,0.9480313658714294,0.9640958309173584
0,D_latent,5,0.05222797021269798,0.9459519982337952,0.9654229283332825
0,D_latent,6,0.05614904314279556,0.9429492354393005,0.9667007923126221
0,D_latent,7,0.06001771241426468,0.9400902390480042,0.9678307771682739
0,D_latent,8,0.06399737298488617,0.9371790885925293,0.9689634442329407
0,D_latent,9,0.06871458888053894,0.9336380958557129,0.9701277613639832
0,D_latent,10,0.07322757691144943,0.9303855299949646,0.9710139036178589
0,D_latent,11,0.07770993560552597,0.9272376894950867,0.9715883731842041
0,D_latent,12,0.08215157687664032,0.9242092370986938,0.971981406211853
0,D_latent,13,0.08657891303300858,0.9212566018104553,0.9721117615699768
0,D_latent,14,0.0905582457780838,0.9187466502189636,0.9720578789710999
0,D_latent,15,0.09385664016008377,0.9168649315834045,0.9719228744506836
0,chance,0,0.8794621825218201,-0.003079056739807129,0.0
0,chance,1,0.8966736197471619,-0.0017676353454589844,0.0
0,chance,2,0.9137088656425476,-0.0008375644683837891,0.0
0,chance,3,0.9310958981513977,-0.00026047229766845703,0.0
0,chance,4,0.9486945867538452,-1.1801719665527344e-05,0.0
0,chance,5,0.9663931131362915,-6.973743438720703e-05,0.0
0,chance,6,0.9845808148384094,-0.0003924369812011719,0.0
0,chance,7,1.002759337425232,-0.0009559392929077148,0.0
0,chance,8,1.0204648971557617,-0.0017052888870239258,0.0
0,chance,9,1.0381544828414917,-0.0026099681854248047,0.0
0,chance,10,1.0557183027267456,-0.0036278963088989258,0.0
0,chance,11,1.0730476379394531,-0.004728794097900391,0.0
0,chance,12,1.0902999639511108,-0.0058803558349609375,0.0
0,chance,13,1.107254147529602,-0.007046341896057129,0.0
0,chance,14,1.1236482858657837,-0.008193135261535645,0.0
0,chance,15,1.1394624710083008,-0.009297609329223633,0.0
0,hold_current,0,0.0,1.0,1.0
0,hold_current,1,0.00508277490735054,0.9943215250968933,0.9897084832191467
0,hold_current,2,0.01973750814795494,0.9783803820610046,0.9799838066101074
0,hold_current,3,0.04262221232056618,0.9542117118835449,0.970510721206665
0,hold_current,4,0.0718122348189354,0.9243032932281494,0.9613474011421204
0,hold_current,5,0.10575708746910095,0.8905575275421143,0.9525312185287476
0,hold_current,6,0.14366963505744934,0.8540231585502625,0.9438446760177612
0,hold_current,7,0.1845371276140213,0.8157947659492493,0.9355135560035706
0,hold_current,8,0.22759146988391876,0.7765924334526062,0.9277094006538391
0,hold_current,9,0.2728123664855957,0.7365282773971558,0.9201868772506714
0,hold_current,10,0.3199082911014557,0.6958763599395752,0.9129633903503418
0,hold_current,11,0.36834800243377686,0.6551040410995483,0.9060578942298889
0,hold_current,12,0.4177955985069275,0.6145534515380859,0.8993757963180542
0,hold_current,13,0.46780386567115784,0.5745329260826111,0.892980694770813
0,hold_current,14,0.5175936818122864,0.5355892181396484,0.886946976184845
0,hold_current,15,0.5666904449462891,0.4980446696281433,0.8812530040740967
0,colourblind_true,0,0.5737848877906799,0.34556418657302856,0.5709830522537231
0,colourblind_true,1,0.589309573173523,0.34162086248397827,0.5682582855224609
0,colourblind_true,2,0.6048663854598999,0.33745527267456055,0.5655097365379333
0,colourblind_true,3,0.6204650402069092,0.3334450125694275,0.5627127289772034
0,colourblind_true,4,0.6360494494438171,0.32954514026641846,0.559934139251709
0,colourblind_true,5,0.6516789197921753,0.32561153173446655,0.5572053790092468
0,colourblind_true,6,0.6673656702041626,0.32191693782806396,0.5545044541358948
0,colourblind_true,7,0.6828246116638184,0.318403422832489,0.5519194006919861
0,colourblind_true,8,0.698009729385376,0.31482207775115967,0.5495189428329468
0,colourblind_true,9,0.7130804657936096,0.31133413314819336,0.5473105907440186
0,colourblind_true,10,0.7279922366142273,0.3079277276992798,0.5453264713287354
0,colourblind_true,11,0.7427679300308228,0.30452269315719604,0.5435685515403748
0,colourblind_true,12,0.7573177218437195,0.30131977796554565,0.5420578122138977
0,colourblind_true,13,0.771479606628418,0.29834020137786865,0.5407842397689819
0,colourblind_true,14,0.785180389881134,0.2954970598220825,0.5397396683692932
0,colourblind_true,15,0.7982982993125916,0.292894184589386,0.5389072299003601
1,A_recon,0,0.07924707978963852,0.9116736650466919,0.9231468439102173
1,A_recon,1,0.08271805197000504,0.9096929430961609,0.9239975810050964
1,A_recon,2,0.08573301136493683,0.908231794834137,0.9284014701843262
1,A_recon,3,0.08964257687330246,0.9058931469917297,0.9317405223846436
1,A_recon,4,0.0936490073800087,0.9035347700119019,0.9336618185043335
1,A_recon,5,0.09730252623558044,0.9016015529632568,0.9355958104133606
1,A_recon,6,0.10155267268419266,0.8991674184799194,0.9374303221702576
1,A_recon,7,0.1058836579322815,0.8967151641845703,0.9386422038078308
1,A_recon,8,0.10969457775354385,0.8947755098342896,0.9402350783348083
1,A_recon,9,0.11375128477811813,0.8926466703414917,0.9419651627540588
1,A_recon,10,0.1173999160528183,0.8909361362457275,0.9425707459449768
1,A_recon,11,0.12087881565093994,0.8893969058990479,0.9431166648864746
1,A_recon,12,0.12499848008155823,0.8873077630996704,0.943874180316925
1,A_recon,13,0.12878142297267914,0.8855423927307129,0.9436755776405334
1,A_recon,14,0.13239090144634247,0.8839195966720581,0.9437172412872314
1,A_recon,15,0.13608667254447937,0.8822059631347656,0.9440186023712158
1,B_task,0,0.04534013196825981,0.9494653344154358,0.9478050470352173
1,B_task,1,0.04674733802676201,0.9489638209342957,0.9509181380271912
1,B_task,2,0.04974009841680527,0.9467584490776062,0.9536777138710022
1,B_task,3,0.05384316295385361,0.9434753656387329,0.9551978707313538
1,B_task,4,0.05815544351935387,0.9400957226753235,0.956450879573822
1,B_task,5,0.06245661526918411,0.9368399381637573,0.9578556418418884
1,B_task,6,0.06729679554700851,0.9331803917884827,0.9590384364128113
1,B_task,7,0.07181504368782043,0.929947555065155,0.9599345922470093
1,B_task,8,0.07582222670316696,0.9272675514221191,0.9609853029251099
1,B_task,9,0.07990222424268723,0.9245918989181519,0.9622159004211426
1,B_task,10,0.08383378386497498,0.9221188426017761,0.9630465507507324
1,B_task,11,0.08785788714885712,0.9196107983589172,0.963578999042511
1,B_task,12,0.09200402349233627,0.9170538783073425,0.964008092880249
1,B_task,13,0.09623313695192337,0.9144704937934875,0.963901698589325
1,B_task,14,0.0999356284737587,0.9123764038085938,0.9635277390480042
1,B_task,15,0.10304471850395203,0.91080641746521,0.9633628726005554
1,C_scene,0,0.4096021354198456,0.5434702634811401,0.7470923066139221
1,C_scene,1,0.41519105434417725,0.5467169284820557,0.7498250603675842
1,C_scene,2,0.42184653878211975,0.5484575033187866,0.7534878253936768
1,C_scene,3,0.42945531010627747,0.5491573810577393,0.7584710121154785
1,C_scene,4,0.43663331866264343,0.5502362251281738,0.7642669677734375
1,C_scene,5,0.44370588660240173,0.5512968301773071,0.7705260515213013
1,C_scene,6,0.4520599842071533,0.551145613193512,0.7767770886421204
1,C_scene,7,0.46017149090766907,0.5511229038238525,0.7830833196640015
1,C_scene,8,0.46751052141189575,0.5515406131744385,0.7891325950622559
1,C_scene,9,0.47533172369003296,0.551403284072876,0.7947266697883606
1,C_scene,10,0.4825107753276825,0.5517500638961792,0.7999730706214905
1,C_scene,11,0.48904892802238464,0.5525244474411011,0.8043859004974365
1,C_scene,12,0.4951581358909607,0.5535908937454224,0.8081670999526978
1,C_scene,13,0.5001661777496338,0.5554652214050293,0.8115427494049072
1,C_scene,14,0.5042012929916382,0.5579160451889038,0.814437985420227
1,C_scene,15,0.5071247220039368,0.5610423684120178,0.8171197175979614
1,D_latent,0,0.048085909336805344,0.9464049339294434,0.9389835000038147
1,D_latent,1,0.048899248242378235,0.9466144442558289,0.9389305710792542
1,D_latent,2,0.05090998113155365,0.94550621509552,0.9423775672912598
1,D_latent,3,0.05413583293557167,0.9431681632995605,0.9453328847885132
1,D_latent,4,0.05792304128408432,0.9403350949287415,0.9475894570350647
1,D_latent,5,0.06197991594672203,0.9373220205307007,0.9490591883659363
1,D_latent,6,0.0667181983590126,0.9337549209594727,0.9501358866691589
1,D_latent,7,0.07138670980930328,0.9303653836250305,0.9514834880828857
1,D_latent,8,0.0756850615143776,0.9273990988731384,0.9526082277297974
1,D_latent,9,0.08018872886896133,0.9243214726448059,0.9536639451980591
1,D_latent,10,0.08472661674022675,0.9212894439697266,0.954854428768158
1,D_latent,11,0.08925045281648636,0.9183366298675537,0.9555110931396484
1,D_latent,12,0.09393540024757385,0.915312647819519,0.9559840559959412
1,D_latent,13,0.09848397970199585,0.9124699831008911,0.9565812945365906
1,D_latent,14,0.10265376418828964,0.9099931120872498,0.9568402767181396
1,D_latent,15,0.10637958347797394,0.9079198241233826,0.9573078751564026
1,chance,0,0.8988410234451294,-0.0018199682235717773,0.0
1,chance,1,0.9167527556419373,-0.0008608102798461914,0.0
1,chance,2,0.9344831109046936,-0.00026619434356689453,0.0
1,chance,3,0.9525748491287231,-1.4066696166992188e-05,0.0
1,chance,4,0.9708789587020874,-7.522106170654297e-05,0.0
1,chance,5,0.9892796874046326,-0.0004216432571411133,0.0
1,chance,6,1.0081777572631836,-0.0010286569595336914,0.0
1,chance,7,1.0270575284957886,-0.001849532127380371,0.0
1,chance,8,1.0454367399215698,-0.0028350353240966797,0.0
1,chance,9,1.0637931823730469,-0.003960132598876953,0.0
1,chance,10,1.0820099115371704,-0.005181431770324707,0.0
1,chance,11,1.0999692678451538,-0.0064623355865478516,0.0
1,chance,12,1.1178394556045532,-0.0077866315841674805,0.0
1,chance,13,1.1353964805603027,-0.00911092758178711,0.0
1,chance,14,1.1523561477661133,-0.01038658618927002,0.0
1,chance,15,1.1687105894088745,-0.011613965034484863,0.0
1,hold_current,0,0.0,1.0,1.0
1,hold_current,1,0.005201324820518494,0.9943214654922485,0.9897085428237915
1,hold_current,2,0.020197810605168343,0.9783803820610046,0.9799832105636597
1,hold_current,3,0.04361610487103462,0.9542117714881897,0.9705101251602173
1,hold_current,4,0.0734867975115776,0.9243032932281494,0.9613474011421204
1,hold_current,5,0.10822338610887527,0.8905577063560486,0.9525298476219177
1,hold_current,6,0.14702041447162628,0.8540221452713013,0.9438463449478149
1,hold_current,7,0.18884024024009705,0.8157946467399597,0.9355143308639526
1,hold_current,8,0.23289887607097626,0.7765917778015137,0.9277104735374451
1,hold_current,9,0.27917471528053284,0.7365274429321289,0.92018723487854
1,hold_current,10,0.32736924290657043,0.6958757638931274,0.9129629731178284
1,hold_current,11,0.3769385516643524,0.6551045179367065,0.9060560464859009
1,hold_current,12,0.4275391697883606,0.6145526170730591,0.8993757963180542
1,hold_current,13,0.4787136912345886,0.5745316743850708,0.8929811120033264
1,hold_current,14,0.5296626091003418,0.5355914831161499,0.8869456648826599
1,hold_current,15,0.5799064636230469,0.49804383516311646,0.8812527060508728
1,colourblind_true,0,0.5871658325195312,0.3455633521080017,0.5709835886955261
1,colourblind_true,1,0.6030523180961609,0.3416202664375305,0.5682572722434998
1,colourblind_true,2,0.6189725399017334,0.33745479583740234,0.5655094981193542
1,colourblind_true,3,0.6349349021911621,0.3334447145462036,0.5627131462097168
1,colourblind_true,4,0.650883138179779,0.3295435309410095,0.5599342584609985
1,colourblind_true,5,0.6668792963027954,0.32560986280441284,0.5572044849395752
1,colourblind_true,6,0.6829295754432678,0.32191312313079834,0.5545060038566589
1,colourblind_true,7,0.6987490653991699,0.3184009790420532,0.5519205927848816
1,colourblind_true,8,0.7142881751060486,0.31481921672821045,0.5495187640190125
1,colourblind_true,9,0.7297107577323914,0.3113318085670471,0.5473114848136902
1,colourblind_true,10,0.7449685335159302,0.307928204536438,0.5453260540962219
1,colourblind_true,11,0.7600908875465393,0.30452340841293335,0.5435675382614136
1,colourblind_true,12,0.7749795317649841,0.30131828784942627,0.5420575737953186
1,colourblind_true,13,0.7894690036773682,0.298340380191803,0.5407846570014954
1,colourblind_true,14,0.8034918904304504,0.2954978346824646,0.5397392511367798
1,colourblind_true,15,0.8169153928756714,0.2928934097290039,0.5389072895050049
2,A_recon,0,0.034290000796318054,0.9613987803459167,0.966195285320282
2,A_recon,1,0.03582524135708809,0.9604964256286621,0.9664803743362427
2,A_recon,2,0.03785368427634239,0.9590758085250854,0.969656765460968
2,A_recon,3,0.04076063632965088,0.9567809104919434,0.9732785224914551
2,A_recon,4,0.04424062371253967,0.9539726376533508,0.975665271282196
2,A_recon,5,0.047653038054704666,0.9513276815414429,0.9775950312614441
2,A_recon,6,0.05162401869893074,0.9482288360595703,0.978909432888031
2,A_recon,7,0.055836234241724014,0.9449887871742249,0.9796465635299683
2,A_recon,8,0.05965462327003479,0.9422032833099365,0.9806869626045227
2,A_recon,9,0.06345290690660477,0.9395163059234619,0.9814372658729553
2,A_recon,10,0.06806336343288422,0.9361364841461182,0.9816980361938477
2,A_recon,11,0.0726485326886177,0.9328613877296448,0.9822695255279541
2,A_recon,12,0.07713206857442856,0.9297653436660767,0.9825906753540039
2,A_recon,13,0.08196233212947845,0.9264247417449951,0.9822888970375061
2,A_recon,14,0.08658860623836517,0.92331862449646,0.9822089076042175
2,A_recon,15,0.09089977294206619,0.920531153678894,0.9818419218063354
2,B_task,0,0.7295882701873779,0.17868155241012573,0.3732907474040985
2,B_task,1,0.7441614866256714,0.17943167686462402,0.3766627311706543
2,B_task,2,0.756520688533783,0.18211346864700317,0.3844848573207855
2,B_task,3,0.7696479558944702,0.18393152952194214,0.3913363516330719
2,B_task,4,0.784033477306366,0.18430167436599731,0.396509051322937
2,B_task,5,0.7981700301170349,0.18475723266601562,0.39981788396835327
2,B_task,6,0.8124370574951172,0.1852467656135559,0.4017728865146637
2,B_task,7,0.8271145820617676,0.18510645627975464,0.40319979190826416
2,B_task,8,0.8412854671478271,0.18491590023040771,0.40435004234313965
2,B_task,9,0.8550296425819397,0.18498080968856812,0.4052031636238098
2,B_task,10,0.8692170977592468,0.18441808223724365,0.4058228135108948
2,B_task,11,0.8833847641944885,0.18361443281173706,0.4062585234642029
2,B_task,12,0.8969501256942749,0.18325793743133545,0.4066479802131653
2,B_task,13,0.9104030728340149,0.18275666236877441,0.40690064430236816
2,B_task,14,0.9233925938606262,0.18225932121276855,0.4069381356239319
2,B_task,15,0.9351650476455688,0.18243491649627686,0.40716391801834106
2,C_scene,0,0.8786128163337708,0.010920345783233643,0.71773362159729
2,C_scene,1,0.8979256749153137,0.009879708290100098,0.7194420099258423
2,C_scene,2,0.920518159866333,0.004813194274902344,0.7272260189056396
2,C_scene,3,0.9445287585258484,-0.001497030258178711,0.7358772158622742
2,C_scene,4,0.9688701629638672,-0.008000016212463379,0.7443775534629822
2,C_scene,5,0.9919388890266418,-0.013156294822692871,0.7515512704849243
2,C_scene,6,1.0153837203979492,-0.01827847957611084,0.7574624419212341
2,C_scene,7,1.0381217002868652,-0.02278292179107666,0.7624253630638123
2,C_scene,8,1.058477759361267,-0.025511980056762695,0.7665988802909851
2,C_scene,9,1.0786608457565308,-0.028185725212097168,0.7704395651817322
2,C_scene,10,1.0979282855987549,-0.03018045425415039,0.773678183555603
2,C_scene,11,1.1158565282821655,-0.03122580051422119,0.776603102684021
2,C_scene,12,1.1336265802383423,-0.03225421905517578,0.7795947194099426
2,C_scene,13,1.1507583856582642,-0.03300356864929199,0.7821406722068787
2,C_scene,14,1.166597604751587,-0.03311896324157715,0.7845918536186218
2,C_scene,15,1.1820050477981567,-0.033364176750183105,0.7873770594596863
2,D_latent,0,0.06247429549694061,0.9296708703041077,0.9420437216758728
2,D_latent,1,0.06345931440591812,0.9300249814987183,0.9406771659851074
2,D_latent,2,0.06490792334079742,0.9298270344734192,0.9430621266365051
2,D_latent,3,0.0674666240811348,0.9284641742706299,0.9443979859352112
2,D_latent,4,0.07086393982172012,0.9262740612030029,0.9448053240776062
2,D_latent,5,0.07407532632350922,0.9243401885032654,0.9449903964996338
2,D_latent,6,0.07819728553295135,0.9215797781944275,0.9452455043792725
2,D_latent,7,0.082861989736557,0.9183623194694519,0.945579469203949
2,D_latent,8,0.08703096210956573,0.9156795740127563,0.9460514187812805
2,D_latent,9,0.09156961739063263,0.9127153158187866,0.9468221664428711
2,D_latent,10,0.09662645310163498,0.9093359112739563,0.9477466344833374
2,D_latent,11,0.10109665244817734,0.9065709114074707,0.9484055638313293
2,D_latent,12,0.10553209483623505,0.903904914855957,0.9491723775863647
2,D_latent,13,0.11032650619745255,0.9009630084037781,0.9501767158508301
2,D_latent,14,0.11476384848356247,0.8983671069145203,0.9510184526443481
2,D_latent,15,0.11870904266834259,0.89621901512146,0.9520262479782104
2,chance,0,0.891170859336853,-0.0032166242599487305,0.0
2,chance,1,0.9085805416107178,-0.0018690824508666992,0.0
2,chance,2,0.9258111119270325,-0.0009090900421142578,0.0
2,chance,3,0.9434009790420532,-0.0003012418746948242,0.0
2,chance,4,0.9612027406692505,-2.288818359375e-05,0.0
2,chance,5,0.9791073799133301,-5.030632019042969e-05,0.0
2,chance,6,0.9975101947784424,-0.00035393238067626953,0.0
2,chance,7,1.015902042388916,-0.000891566276550293,0.0
2,chance,8,1.0338131189346313,-0.0016155242919921875,0.0
2,chance,9,1.0517157316207886,-0.0025014877319335938,0.0
2,chance,10,1.0694886445999146,-0.0034956932067871094,0.0
2,chance,11,1.0870205163955688,-0.0045768022537231445,0.0
2,chance,12,1.1044834852218628,-0.005717158317565918,0.0
2,chance,13,1.1216429471969604,-0.006867408752441406,0.0
2,chance,14,1.1382323503494263,-0.007999181747436523,0.0
2,chance,15,1.154244065284729,-0.00909423828125,0.0
2,hold_current,0,0.0,1.0,1.0
2,hold_current,1,0.005149749107658863,0.9943215250968933,0.9897076487541199
2,hold_current,2,0.01999758929014206,0.9783802628517151,0.9799846410751343
2,hold_current,3,0.043183665722608566,0.9542117714881897,0.9705108404159546
2,hold_current,4,0.07275816053152084,0.9243033528327942,0.9613479971885681
2,hold_current,5,0.10715068876743317,0.8905573487281799,0.952530562877655
2,hold_current,6,0.1455623060464859,0.854022741317749,0.9438464045524597
2,hold_current,7,0.18696819245815277,0.8157943487167358,0.9355149865150452
2,hold_current,8,0.23059001564979553,0.7765915989875793,0.9277108907699585
2,hold_current,9,0.2764067053794861,0.7365275621414185,0.920187771320343
2,hold_current,10,0.32412323355674744,0.6958768367767334,0.9129621982574463
2,hold_current,11,0.37320050597190857,0.655104398727417,0.9060576558113098
2,hold_current,12,0.42330095171928406,0.6145519018173218,0.899376392364502
2,hold_current,13,0.4739675521850586,0.5745326280593872,0.8929804563522339
2,hold_current,14,0.5244113206863403,0.5355902910232544,0.8869471549987793
2,hold_current,15,0.5741565823554993,0.4980454444885254,0.8812521696090698
2,colourblind_true,0,0.5813466310501099,0.3455614447593689,0.570983350276947
2,colourblind_true,1,0.5970739126205444,0.341621458530426,0.5682568550109863
2,colourblind_true,2,0.6128336191177368,0.3374558091163635,0.5655105113983154
2,colourblind_true,3,0.6286402344703674,0.3334439992904663,0.5627132058143616
2,colourblind_true,4,0.6444302797317505,0.3295430541038513,0.5599349141120911
2,colourblind_true,5,0.6602633595466614,0.32561367750167847,0.5572057366371155
2,colourblind_true,6,0.676159143447876,0.3219131827354431,0.5545056462287903
2,colourblind_true,7,0.6918206810951233,0.3184013366699219,0.5519199967384338
2,colourblind_true,8,0.7072035670280457,0.31482189893722534,0.5495193004608154
2,colourblind_true,9,0.722474992275238,0.31133270263671875,0.5473118424415588
2,colourblind_true,10,0.7375820875167847,0.30793052911758423,0.5453256964683533
2,colourblind_true,11,0.7525526881217957,0.3045237064361572,0.5435681939125061
2,colourblind_true,12,0.7672953605651855,0.30131852626800537,0.5420573353767395
2,colourblind_true,13,0.7816410064697266,0.298342764377594,0.540784478187561
2,colourblind_true,14,0.7955247759819031,0.2954968214035034,0.5397394299507141
2,colourblind_true,15,0.8088157176971436,0.29289543628692627,0.5389066934585571
